request_id,method,selected_node,requested_concurrency,nano_expected_ms,activation_time_ms,rtt_ms,worker_actual_e2e_ms,offload_cost_ms,offloading_gain_ms,beneficial
1ac4513e-9153-4562-8b7e-118b834c5eca,cached_on_demand,agx,1,,1187.222,27.42,224.678,1439.3200000000002,,False
f230e112-1807-4df6-b943-d1be325e88cc,cached_on_demand,spark,1,,1187.079,21.01,260.239,1468.328,,False
187c84ea-f288-4fc0-84d1-f3d9b442156b,cached_on_demand,agx,8,,1249.991,19.411,278.499,1547.901,,False
aeb895b8-013c-4ede-ab9e-b712db17e5b7,cached_on_demand,agx,8,,0.0,8.382,355.868,364.25,,False
f20582d1-9b3f-4feb-9b44-9c42816673a7,cached_on_demand,agx,8,,0.0,9.53,516.021,525.5509999999999,,False
f45e569a-a02f-4e2e-a808-eeb99f06f881,cached_on_demand,agx,8,,0.0,9.207,573.304,582.511,,False
4d4092db-012f-4604-a4ef-84cbb9a3f078,cached_on_demand,agx,8,,0.0,10.933,648.939,659.872,,False
b8e818af-8d82-44c5-ad9b-b7d0f680599c,cached_on_demand,agx,8,,0.0,10.004,722.281,732.285,,False
c289f78d-bd87-4028-a4ed-5d67334e0255,cached_on_demand,agx,8,,0.0,9.588,789.471,799.059,,False
cf7135b3-c44a-44e9-8b2f-0850e996082a,cached_on_demand,agx,8,,0.0,10.831,867.257,878.088,,False
407db525-d156-4bdb-b46f-d94b233d8e38,cached_on_demand,agx,8,,0.0,9.395,1017.796,1027.191,,False
7b23a507-5fb8-4604-80c2-1d0fef0b9ba8,cached_on_demand,agx,8,,0.0,8.21,1171.911,1180.121,,False
d271c5f0-b434-4210-a4d2-e1a9e923fb67,cached_on_demand,agx,8,,0.0,10.268,1153.336,1163.604,,False
73fe5f2d-d71c-476a-9711-9d6449a17448,cached_on_demand,agx,8,,0.0,10.134,1219.34,1229.474,,False
ae5190b4-ad20-47c8-80a4-baa99d19888c,cached_on_demand,agx,8,,0.0,11.581,1306.322,1317.9029999999998,,False
1603b250-2b97-4a12-a69b-4f6bfbc42591,cached_on_demand,agx,8,,0.0,9.758,1356.561,1366.319,,False
c69f2106-8c53-4fd1-836a-d50f09cf87f0,cached_on_demand,agx,8,,0.0,8.935,1519.325,1528.26,,False
9eb4b702-8fe3-4791-8059-5a99722a4d45,cached_on_demand,agx,8,,0.0,9.857,1578.853,1588.71,,False
463860cd-b3c6-4d91-b733-c70b83ea1542,cached_on_demand,agx,8,,0.0,7.884,1575.585,1583.469,,False
8c3e0970-121b-44cc-8e99-654bc8c2ac87,cached_on_demand,agx,8,,0.0,9.528,1571.249,1580.777,,False
7fa4162c-fab2-41e2-a916-b67dba931355,cached_on_demand,agx,8,,0.0,10.355,1563.733,1574.088,,False
97f3aaf1-964f-4254-8e11-56c4aae1dc2f,cached_on_demand,agx,8,,0.0,10.819,1555.71,1566.529,,False
dd170843-2b7c-4b8f-a9a0-e305b1a8c381,cached_on_demand,agx,8,,0.0,8.964,1554.153,1563.117,,False
59a7fd29-cb78-4d47-a461-32ec226ec042,cached_on_demand,agx,8,,0.0,9.584,1546.355,1555.939,,False
27ffcc67-3af1-4c6f-98fc-bc57f40c952e,cached_on_demand,agx,8,,0.0,9.14,1541.075,1550.2150000000001,,False
5be94f58-72a2-4a16-bda8-6263e51cae59,cached_on_demand,agx,8,,0.0,9.012,1552.309,1561.321,,False
7fcdeb80-6090-4372-b4a0-bdd02fddbdc8,cached_on_demand,agx,8,,0.0,9.011,1547.096,1556.107,,False
798f84f2-6d4f-4162-8c02-82efc9f50323,cached_on_demand,agx,8,,0.0,9.879,1546.248,1556.127,,False
32fa0a3e-2690-4c07-a7fa-01293669c2bc,cached_on_demand,agx,8,,0.0,10.077,1534.583,1544.66,,False
ca7db6a7-589c-4d45-a29b-1721f1cf8145,cached_on_demand,agx,8,,0.0,9.231,1530.713,1539.944,,False
74edd631-79d9-43df-98cf-af806b6c289a,cached_on_demand,agx,8,,0.0,9.849,1542.987,1552.836,,False
44608f83-ca0f-4317-95f0-9551e3ddb4e8,cached_on_demand,agx,8,,0.0,10.479,1536.159,1546.6380000000001,,False
beb7fb8b-fd97-4918-ad1f-f44b7d7ac830,cached_on_demand,agx,8,,0.0,9.862,1533.24,1543.102,,False
5c8a9304-5416-47f2-ab54-06f60d7d3d93,cached_on_demand,agx,8,,0.0,8.653,1540.746,1549.3990000000001,,False
0abcc26b-e0cd-4f94-95e5-816716255ca9,cached_on_demand,agx,8,,0.0,9.278,1510.339,1519.617,,False
cbecac7b-1698-4268-a140-2229cbf7e24c,cached_on_demand,agx,8,,0.0,10.239,1533.728,1543.967,,False
2f13cb05-c84b-4615-b552-314a3e421b68,cached_on_demand,agx,8,,0.0,9.428,1540.717,1550.1450000000002,,False
c0814c56-dcdd-4c2a-b7d5-fde202f974fb,cached_on_demand,agx,8,,0.0,9.277,1549.533,1558.81,,False
9e7c77b5-bdbd-457e-928d-b40c85bdbcd3,cached_on_demand,agx,8,,0.0,9.272,1538.007,1547.279,,False
0fc11ca1-d657-43a8-8ec8-74d27f1e4d8d,cached_on_demand,agx,8,,0.0,9.163,1557.857,1567.02,,False
543f16aa-5e61-4310-9100-0083d457b515,cached_on_demand,agx,8,,0.0,10.708,1559.427,1570.135,,False
b65a5a17-b059-43c8-af54-37d4150e1eb7,cached_on_demand,agx,8,,0.0,8.113,1558.412,1566.525,,False
8c9973fb-4f7c-4d83-9533-06bbacbddc5a,cached_on_demand,agx,8,,0.0,9.895,1566.37,1576.2649999999999,,False
b4a355ce-8eb0-44ee-8095-7f1aacb8eb5e,cached_on_demand,agx,8,,0.0,9.648,1575.092,1584.74,,False
93846fcb-fb45-4a02-be45-baa6e72946fa,cached_on_demand,agx,8,,0.0,8.992,1571.689,1580.681,,False
8f859317-294d-4015-8bc3-17a168094507,cached_on_demand,agx,8,,0.0,9.913,1592.764,1602.677,,False
de2968ec-9478-4d34-9098-5a0e852adb90,cached_on_demand,agx,8,,0.0,9.819,1594.157,1603.9759999999999,,False
d92a0356-2fae-4f8f-9bf3-b0e01267fefc,cached_on_demand,agx,8,,0.0,8.714,1593.342,1602.056,,False
ffcc0baf-5e1a-44b3-b654-90dc2dac91ea,cached_on_demand,agx,8,,0.0,11.214,1571.559,1582.773,,False
57d05352-c9d4-4f7e-977c-5155a7a45f86,cached_on_demand,agx,8,,0.0,9.618,1575.923,1585.541,,False
0f6410f9-8596-423f-a5b0-ad609fe06552,cached_on_demand,agx,8,,0.0,10.79,1559.68,1570.47,,False
07e1f3ff-2123-4595-943f-126a86f04860,cached_on_demand,agx,8,,0.0,10.18,1559.233,1569.413,,False
4556688b-7352-4b02-964b-e232d020a981,cached_on_demand,agx,8,,0.0,10.822,1538.805,1549.627,,False
4ccd4f76-5661-4fff-bb45-8e947cb81ba1,cached_on_demand,agx,8,,0.0,9.862,1531.108,1540.97,,False
5d94b580-f1f7-4e18-a7fe-fcb996b05a33,cached_on_demand,agx,8,,0.0,8.522,1543.314,1551.836,,False
a730a4ab-54cc-4ce5-bed2-1e9666044db9,cached_on_demand,agx,8,,0.0,9.696,1536.152,1545.848,,False
e8332766-caea-4f82-a1a4-88cb6d8d167c,cached_on_demand,agx,8,,0.0,10.086,1524.716,1534.802,,False
416379fd-bf4e-4815-88cd-79f04e8cf571,cached_on_demand,agx,8,,0.0,9.95,1524.527,1534.477,,False
9ba127b9-61f9-4573-81d5-6ae2393f158c,cached_on_demand,agx,8,,0.0,9.988,1529.661,1539.6490000000001,,False
3757f369-37a9-4f09-b698-2a1d8ec1a0f1,cached_on_demand,agx,8,,0.0,9.425,1525.494,1534.9189999999999,,False
311d8ea1-40f7-4307-a6de-15e001f010b0,cached_on_demand,agx,8,,0.0,9.458,1548.858,1558.316,,False
011e1242-424f-4cac-8593-d5d23b306686,cached_on_demand,agx,8,,0.0,10.26,1544.187,1554.447,,False
0dfe812e-470d-46bc-8449-d33f206d5b2c,cached_on_demand,agx,8,,0.0,9.527,1560.692,1570.219,,False
ef3d7db8-1fee-4b5e-9c96-918647fe7764,cached_on_demand,agx,8,,0.0,10.337,1566.861,1577.198,,False
e31b7799-80df-4b9c-80f0-f0f1464a64f5,cached_on_demand,agx,16,,0.0,7.679,213.664,221.343,,False
1ef8ff75-6ff8-4496-b82d-059723fbbe8b,cached_on_demand,agx,16,,0.0,9.006,369.974,378.98,,False
44920b4f-6f92-486e-93a9-df4907465d6e,cached_on_demand,agx,16,,0.0,9.039,518.969,528.008,,False
59f9a420-36bd-4ac2-86ee-945788cf1694,cached_on_demand,agx,16,,0.0,10.046,653.023,663.0690000000001,,False
91e826d0-5d08-4760-8ec2-4e5f174ae72b,cached_on_demand,agx,16,,0.0,10.543,784.613,795.1560000000001,,False
42ef0838-d7a5-4caf-984e-06afca3624ad,cached_on_demand,agx,16,,0.0,8.551,933.599,942.1500000000001,,False
b8600360-0cb4-4aa8-b60a-0a2898123b91,cached_on_demand,agx,16,,0.0,9.502,1064.204,1073.706,,False
d982264f-68d0-4f7e-8abb-d3d7b76b2138,cached_on_demand,agx,16,,0.0,8.713,1213.125,1221.838,,False
a5617f18-0fe1-4d2b-b0c1-01fa02e8366a,cached_on_demand,agx,16,,0.0,9.305,1368.541,1377.846,,False
e0ef838f-711b-43af-a0d4-83055f4724ab,cached_on_demand,agx,16,,0.0,10.316,1513.283,1523.599,,False
597462c7-bded-4e8e-902b-05f96340fd81,cached_on_demand,agx,16,,0.0,10.324,1660.89,1671.2140000000002,,False
a895227d-77d9-4315-9d8e-af66de7d4782,cached_on_demand,agx,16,,0.0,8.785,1810.184,1818.969,,False
bc1adec7-fc32-49e6-bcb2-6fec73189c22,cached_on_demand,agx,16,,0.0,9.194,1953.327,1962.521,,False
0375b03f-e19e-4d8b-98fa-776169096fa3,cached_on_demand,agx,16,,0.0,8.866,2097.303,2106.169,,False
eee5a367-568c-4768-9ac2-aeeb812259dc,cached_on_demand,agx,16,,0.0,8.673,2245.17,2253.843,,False
793b5851-0ba9-4d1a-8e54-4d37fecbc714,cached_on_demand,agx,16,,0.0,9.324,2396.993,2406.317,,False
9fe145da-b3db-4e4a-bf27-8b0c38b5cd4e,cached_on_demand,agx,16,,0.0,7.378,2543.426,2550.804,,False
e762cba6-4f3a-454b-971d-fa7df44bf215,cached_on_demand,spark,16,,1195.531,14.428,259.776,1469.7350000000001,,False
c763feb4-b398-4a34-8ec4-4d5860c3cc16,cached_on_demand,agx,16,,0.0,9.509,2671.617,2681.126,,False
c7c0a186-e3fe-4a62-8ec0-9a8f3974e6d9,cached_on_demand,spark,16,,0.0,18.549,398.136,416.685,,False
cf76bb64-ef8a-4d1b-ac49-2c03cec56447,cached_on_demand,agx,16,,0.0,8.469,2829.459,2837.928,,False
6ac4bf34-fa3b-4ce9-9436-842d5bda7bf4,cached_on_demand,spark,16,,0.0,9.999,546.731,556.73,,False
34b322bf-8b73-4e4c-9230-d5dce206c90e,cached_on_demand,agx,16,,0.0,8.987,2979.342,2988.329,,False
2f03e567-60a5-4e8d-99d2-cf132f0f806b,cached_on_demand,spark,16,,0.0,17.609,689.101,706.71,,False
bfcf5951-e32e-4ed2-8d7d-0f6d6ead083f,cached_on_demand,agx,16,,0.0,8.634,3123.289,3131.9230000000002,,False
8c40d71e-e523-4b5e-99f8-d444b9597026,cached_on_demand,spark,16,,0.0,17.618,836.815,854.4330000000001,,False
c97baa5e-f74a-458c-b410-84cf58db8e0f,cached_on_demand,agx,16,,0.0,9.75,3152.637,3162.387,,False
da5e0901-856a-4f76-8098-7c58cc7cbe81,cached_on_demand,spark,16,,0.0,18.244,983.301,1001.5450000000001,,False
001283c9-a8d4-4655-8722-20b8faf893ef,cached_on_demand,agx,16,,0.0,9.67,3150.703,3160.373,,False
ec8c77dd-643a-47a2-8633-ce201a4769d2,cached_on_demand,spark,16,,0.0,15.648,1129.095,1144.743,,False
33019f90-62e6-46d0-831f-c2e07afe9145,cached_on_demand,agx,16,,0.0,10.098,3167.695,3177.793,,False
248e97d0-17c6-4b9a-9686-066fc32c9ace,cached_on_demand,spark,16,,0.0,8.397,1276.429,1284.826,,False
ce024448-3e63-48ad-93f9-ce8c3f545e2b,cached_on_demand,agx,16,,0.0,10.853,3141.225,3152.078,,False
b0697215-1c91-413b-a72e-9a0866c7a048,cached_on_demand,spark,16,,0.0,9.791,1421.723,1431.514,,False
15fb4ab2-f292-4652-8215-21fa6998facf,cached_on_demand,spark,16,,0.0,17.605,1565.731,1583.336,,False
e76f2448-03c3-4ea9-ae2e-996bcc00a615,cached_on_demand,spark,16,,0.0,16.709,1703.134,1719.843,,False
16fa6969-0d87-43f0-904b-447473d901f0,cached_on_demand,spark,16,,0.0,8.805,1857.703,1866.508,,False
a0e00857-12f6-43ee-87a9-02bc2e718435,cached_on_demand,spark,16,,0.0,17.439,1983.399,2000.838,,False
7dc00518-d5a2-48f9-a3a2-7d971d0f3c90,cached_on_demand,spark,16,,0.0,13.311,2133.407,2146.7180000000003,,False
d0cec0f5-2b03-4497-bcfd-394da6ce135b,cached_on_demand,spark,16,,0.0,9.3,2187.781,2197.081,,False
eee6be00-cd9b-4c32-a83a-838f0049fbed,cached_on_demand,spark,16,,0.0,7.957,2329.286,2337.243,,False
9c7e9385-2303-4d73-bec0-c597985089ea,cached_on_demand,spark,16,,0.0,9.635,2396.669,2406.304,,False
45c7988c-cecb-4c97-8f2c-d798031465b0,cached_on_demand,spark,16,,0.0,17.795,2540.265,2558.06,,False
9ccf75d9-10dc-48f4-9d73-54435c170ef8,cached_on_demand,spark,16,,0.0,14.963,2586.317,2601.28,,False
7686c0b5-d0d8-4e7a-9cec-148264ee24f7,cached_on_demand,spark,16,,0.0,6.9,2737.841,2744.741,,False
ab14438f-feb3-4db4-8557-be258fa8ca0e,cached_on_demand,spark,16,,0.0,6.236,2813.726,2819.962,,False
d7b0ba36-14d9-4a13-a0f5-691419f558d1,cached_on_demand,spark,16,,0.0,6.361,2973.224,2979.585,,False
be7e1ea0-00af-43c7-9ef9-7f9715cefddb,cached_on_demand,spark,16,,0.0,5.128,3021.585,3026.713,,False
aa65e837-625c-47fa-9f7f-67c02723b552,cached_on_demand,spark,16,,0.0,20.634,3132.276,3152.91,,False
1fe71ed1-294d-4a25-8c65-d5cfa6a86098,cached_on_demand,spark,16,,0.0,6.067,3214.886,3220.953,,False
3c5e1ce8-2219-4d38-8e68-266473935b61,cached_on_demand,spark,16,,0.0,19.454,3187.545,3206.9990000000003,,False
728c55bf-ae0f-41b4-ade6-c91c668ced61,cached_on_demand,spark,16,,0.0,7.056,3169.93,3176.986,,False
5f60f189-1aa3-425a-8b4d-bda4e5772ddc,cached_on_demand,spark,16,,0.0,18.264,3195.241,3213.505,,False
360fb6db-c497-4316-95e8-0c9bfaec9e2f,cached_on_demand,spark,16,,0.0,6.621,3237.226,3243.847,,False
87adc8b6-8e6b-4f51-b32a-fe15eff0b945,cached_on_demand,spark,16,,0.0,10.131,3214.53,3224.661,,False
e5c8678f-5c2a-4cf0-8fa1-3657d219cce7,cached_on_demand,spark,16,,0.0,14.696,3196.165,3210.861,,False
cb80425e-9299-4d07-878d-973374135afe,cached_on_demand,spark,16,,0.0,19.433,3198.842,3218.275,,False
6d25ee2b-2708-489a-a726-b4471a6194bc,cached_on_demand,spark,16,,0.0,20.531,3195.314,3215.845,,False
5ab28ca1-dc18-41aa-ba45-1a42616f5767,cached_on_demand,spark,16,,0.0,14.962,3235.58,3250.542,,False
b7c4e599-37e9-43b6-aa7f-16facd9987ac,cached_on_demand,spark,16,,0.0,13.378,3226.57,3239.9480000000003,,False
79bf93ff-f8bc-415f-8466-d6e28d1f313d,cached_on_demand,spark,16,,0.0,6.057,3254.177,3260.234,,False
ca04d59e-3b95-4bec-b0c0-84c6cd53c99a,cached_on_demand,spark,16,,0.0,16.824,3218.398,3235.222,,False
c688733e-3ac8-4cfa-92b9-c5e55270de82,cached_on_demand,spark,16,,0.0,16.432,3210.264,3226.696,,False
fba67215-35d7-4e7f-8885-aedacab88de8,cached_on_demand,spark,16,,0.0,19.11,3219.683,3238.793,,False
dceb9235-c16f-453b-b7f5-b8f4662d70c6,cached_on_demand,spark,16,,0.0,8.252,3210.296,3218.548,,False
e1df8208-5491-4761-a93c-02695311fdd0,cached_on_demand,spark,16,,0.0,10.596,3230.825,3241.421,,False
4ace287a-bdca-453a-ab15-dbd24aeace8e,cached_on_demand,spark,16,,0.0,17.486,3198.5,3215.986,,False
58bda380-a15e-4d5e-8573-b8663e6a696f,cached_on_demand,spark,16,,0.0,6.229,3237.227,3243.4559999999997,,False
5650ae16-cf1d-4159-a0be-80a78e544874,cached_on_demand,spark,16,,0.0,7.245,3230.966,3238.211,,False
67d5124b-42c3-4690-aebc-cfac9bf1daba,cached_on_demand,spark,16,,0.0,8.752,3252.912,3261.6639999999998,,False
47312e31-d214-4db9-9b80-24a0435a121c,cached_on_demand,spark,16,,0.0,17.991,3215.795,3233.786,,False
7327d893-d851-445a-a440-e99089ef3bf7,cached_on_demand,spark,16,,0.0,13.617,3220.141,3233.7580000000003,,False
8c47225e-9cd8-43e2-9843-835d3a5fe57a,cached_on_demand,spark,16,,0.0,8.148,3220.355,3228.503,,False
39ae0705-a5e7-40c3-b291-e84e6ec41075,cached_on_demand,spark,16,,0.0,6.699,3253.843,3260.542,,False
3be71dc4-4516-4b71-89fd-3a007bd2b792,cached_on_demand,spark,16,,0.0,16.33,3206.152,3222.482,,False
f60449ba-b6a5-4db8-9da1-6af3467c02ad,cached_on_demand,spark,16,,0.0,10.725,3231.091,3241.816,,False
d0acef26-bf3d-4641-a06a-6e81de45198a,cached_on_demand,spark,16,,0.0,16.049,3211.588,3227.637,,False
986a546e-15c3-4ac8-9ef7-721a42452399,cached_on_demand,spark,16,,0.0,19.162,3217.907,3237.069,,False
5e5d616e-6719-4af7-9336-afeb44d4b4aa,cached_on_demand,spark,16,,0.0,9.982,3240.884,3250.866,,False
e8cab620-32bc-4a57-850f-43ad00f1f6ee,cached_on_demand,spark,16,,0.0,6.081,3252.045,3258.126,,False
ea2f5acd-3939-4697-84b6-20d4713ded31,cached_on_demand,spark,16,,0.0,17.295,3224.049,3241.344,,False
180ec23b-7500-4b47-94fd-f01af67a1109,cached_on_demand,spark,16,,0.0,17.938,3220.853,3238.791,,False
5fe297b5-2ec1-4e85-adba-d51d51dd5bde,cached_on_demand,spark,16,,0.0,10.773,3224.978,3235.751,,False
ad392fd6-927d-46eb-a2c6-6f55fcbd2364,cached_on_demand,spark,16,,0.0,16.112,3231.224,3247.3360000000002,,False
ece069e2-3d44-48a9-9aaf-7e2fe237d6b8,cached_on_demand,spark,16,,0.0,9.695,3231.983,3241.6780000000003,,False
f3bebccb-c0dd-4974-8941-5dfa158ce1fd,cached_on_demand,spark,16,,0.0,9.358,3226.856,3236.2140000000004,,False
fa3c9a1e-1e04-4cac-8baf-2d576b829dbc,cached_on_demand,spark,16,,0.0,15.468,3178.399,3193.8669999999997,,False
892ef77f-e947-4bb6-8ae2-6b05fa804a61,cached_on_demand,spark,16,,0.0,15.115,3220.059,3235.174,,False
b7ae68d9-a4c9-4213-9a42-4f58a723bcd1,cached_on_demand,spark,16,,0.0,19.516,3213.238,3232.754,,False
8782907d-96ea-4ab2-963f-8a4a31cc2c80,cached_on_demand,spark,16,,0.0,16.169,3243.059,3259.228,,False
3ee06169-e125-4e33-ab3a-949dd71380c0,cached_on_demand,spark,16,,0.0,18.144,3234.812,3252.9559999999997,,False
785fd2eb-3050-4b5f-bf05-fbeac6d0a7c2,cached_on_demand,spark,16,,0.0,18.353,3221.717,3240.07,,False
3e18d6cd-d943-40ea-9a0a-a4f042187688,cached_on_demand,spark,16,,0.0,18.45,3219.384,3237.834,,False
b21d49e4-f590-4ed5-bc43-81206087ed2b,cached_on_demand,spark,16,,0.0,21.423,3206.974,3228.397,,False
bca6d6df-1302-4ca9-a219-933c66a2ddd2,cached_on_demand,spark,16,,0.0,9.615,3237.403,3247.0179999999996,,False
21d4661b-e972-496d-887e-cc8dd25c3881,cached_on_demand,spark,16,,0.0,17.942,3226.529,3244.471,,False
e3db1dc0-a1ae-445d-8fb1-5c546ee12726,cached_on_demand,spark,32,,0.0,5.301,201.858,207.159,,False
8700c06c-a03f-4b64-8cd9-277ec71118c4,cached_on_demand,spark,32,,0.0,14.917,340.722,355.63899999999995,,False
7b094ce4-a855-4779-b3f6-bbdef82985c3,cached_on_demand,spark,32,,0.0,16.58,479.006,495.58599999999996,,False
40fd0d54-95f7-4ce3-89f9-c9d160818d2b,cached_on_demand,spark,32,,0.0,17.289,596.041,613.33,,False
5c88ab7f-1d21-4ab2-88ad-a7a100e3e605,cached_on_demand,spark,32,,0.0,10.495,720.53,731.025,,False
bd35ab17-7c0f-4b74-b572-627ab507f29f,cached_on_demand,spark,32,,0.0,17.965,838.036,856.001,,False
03b69ac5-28b6-4896-811f-aac0cefd7183,cached_on_demand,spark,32,,0.0,16.816,953.357,970.173,,False
6e23f4f0-bc98-428e-b69f-25fd10c4e005,cached_on_demand,spark,32,,0.0,13.777,1063.39,1077.1670000000001,,False
2e5c9141-b7b5-4ee1-87f0-3b9575f1e08f,cached_on_demand,spark,32,,0.0,27.056,1132.252,1159.308,,False
d913edb6-c17b-45b9-a33a-7b0c4688ba58,cached_on_demand,spark,32,,0.0,8.159,1279.681,1287.8400000000001,,False
afc206a2-a9f3-41ca-92c0-088ccd766994,cached_on_demand,spark,32,,0.0,6.602,1438.215,1444.817,,False
67f2e8b4-f5ee-4963-8289-009c558ae8c6,cached_on_demand,spark,32,,0.0,9.426,1594.688,1604.114,,False
003dbd0b-2b30-4980-b50e-75643258fadb,cached_on_demand,spark,32,,0.0,16.113,1736.899,1753.012,,False
d02e6e50-f4b4-4e19-985c-e01a8f91f9b4,cached_on_demand,spark,32,,0.0,13.002,1882.304,1895.306,,False
7dcc21b2-9752-4414-bf26-568faf9f9a31,cached_on_demand,spark,32,,0.0,16.263,2015.09,2031.3529999999998,,False
8cee02e0-f193-440b-95a9-5ee4f58d7f98,cached_on_demand,spark,32,,0.0,7.489,2169.601,2177.09,,False
feb9db62-576f-4b53-adf5-58a71be36a75,cached_on_demand,spark,32,,0.0,8.053,2297.666,2305.719,,False
4591f3a0-05ea-40ac-9c4e-572ddbae73ac,cached_on_demand,spark,32,,0.0,8.137,2430.443,2438.5800000000004,,False
0e577e44-7993-4dca-9d22-3e0ed7ab10ef,cached_on_demand,spark,32,,0.0,8.676,2561.393,2570.069,,False
7ce348e4-fd30-4916-924f-c35f179e4ea3,cached_on_demand,spark,32,,0.0,9.183,2711.081,2720.264,,False
18145f6b-d52f-48f0-b3ad-f11e21ebaa34,cached_on_demand,spark,32,,0.0,15.66,2861.484,2877.144,,False
360939c9-8a6e-4f4c-bf65-683144c5bd48,cached_on_demand,spark,32,,0.0,6.815,3015.62,3022.435,,False
29795003-9349-4961-90ef-54b3721c5f77,cached_on_demand,spark,32,,0.0,7.453,3176.002,3183.455,,False
15b2dd03-4bb3-4ee3-a3c1-f4be101632e9,cached_on_demand,spark,32,,0.0,5.488,3345.219,3350.707,,False
61043e71-d769-472a-990e-ba8b35fc47e1,cached_on_demand,spark,32,,0.0,16.918,3493.622,3510.54,,False
5925114b-098d-4b12-b5c1-722d914a2bca,cached_on_demand,spark,32,,0.0,8.531,3645.311,3653.842,,False
be2aa7f2-0175-4045-909d-056b0f295279,cached_on_demand,spark,32,,0.0,15.787,3769.493,3785.2799999999997,,False
550b1a4e-3f74-4d8e-bd70-055f64bf77d7,cached_on_demand,spark,32,,0.0,13.197,3909.236,3922.433,,False
22c1b860-6f2a-4435-9460-584cc2ddbadb,cached_on_demand,spark,32,,0.0,8.71,4043.794,4052.504,,False
429ada17-4f00-486c-832c-c77621a39b5e,cached_on_demand,spark,32,,0.0,10.272,4174.816,4185.088,,False
ba26e600-077a-4692-8f34-5bc4f1f3751a,cached_on_demand,spark,32,,0.0,13.416,4299.738,4313.154,,False
ffc9ffcc-6f08-4d05-adc9-95076139c5f8,cached_on_demand,spark,32,,0.0,24.352,4422.377,4446.729,,False
4998d6ca-1af3-432f-ab25-fa893f4bfe9c,cached_on_demand,spark,32,,0.0,20.975,4536.499,4557.474,,False
f65ea2df-cd9f-49e5-a198-317ad1485ba6,cached_on_demand,spark,32,,0.0,8.153,4632.555,4640.7080000000005,,False
4600e6b4-cd52-40f9-b541-2bd8e20f05b6,cached_on_demand,spark,32,,0.0,9.411,4773.193,4782.604,,False
c8d7d670-ac01-4cdd-957f-9e93e9f86c30,cached_on_demand,spark,32,,0.0,7.866,4910.388,4918.254,,False
b105c60c-7632-4b13-9344-2b3ccb805b8b,cached_on_demand,spark,32,,0.0,6.321,5047.566,5053.887,,False
75fe67c3-dfe4-4372-b23f-7e890aa540d0,cached_on_demand,spark,32,,0.0,8.957,5179.796,5188.753000000001,,False
881758bd-8e03-4d64-a39c-a53ad8f8e180,cached_on_demand,spark,32,,0.0,8.322,5310.779,5319.101000000001,,False
70e3ad75-6706-4651-9e58-9425f8ce815b,cached_on_demand,spark,32,,0.0,15.899,5432.476,5448.375,,False
cd349003-cbdf-44de-8524-36f3d417cf53,cached_on_demand,spark,32,,0.0,11.489,5572.378,5583.866999999999,,False
e16a0f18-c3ed-419e-8001-1d697129a02b,cached_on_demand,spark,32,,0.0,10.272,5700.196,5710.468,,False
22743634-7b2f-4cce-8bbd-622b4862fd72,cached_on_demand,spark,32,,0.0,7.296,5841.846,5849.142,,False
874b36b6-888e-4558-a3b0-8cff2265a526,cached_on_demand,spark,32,,0.0,5.945,5996.194,6002.139,,False
e1fa662c-495f-4c0e-8267-64ae46509a5f,cached_on_demand,spark,32,,0.0,5.248,6165.401,6170.648999999999,,False
fbaa4917-f545-4f0c-b703-4841a6e42ec9,cached_on_demand,spark,32,,0.0,10.547,6303.93,6314.477,,False
971b2ffb-82d1-4a37-9c2f-692f57cb64ee,cached_on_demand,spark,32,,0.0,8.204,6408.446,6416.65,,False
d79dea66-338a-4415-bcbd-e569563de4b6,cached_on_demand,spark,32,,0.0,15.703,6520.517,6536.22,,False
839132a1-d217-4cc3-b2df-ee6f76308d76,cached_on_demand,spark,32,,0.0,17.898,6509.888,6527.786,,False
4c1bfe3d-fd70-4f4d-bae4-7163eb35aee4,cached_on_demand,spark,32,,0.0,17.557,6536.768,6554.325,,False
fcd249b7-4cc0-475f-bcf7-4573e154a214,cached_on_demand,spark,32,,0.0,18.619,6498.719,6517.338,,False
5f7f795b-0962-4d8f-8f79-3cf024782951,cached_on_demand,spark,32,,0.0,20.232,6503.646,6523.878,,False
97f26dc9-3000-4149-a675-e33230c7f8bd,cached_on_demand,spark,32,,0.0,8.667,6528.246,6536.9130000000005,,False
2f977e45-d617-4ef8-81b6-e9d2077bd0dd,cached_on_demand,spark,32,,0.0,18.528,6521.467,6539.995,,False
a57722ac-e23f-46a2-a051-855806df0525,cached_on_demand,spark,32,,0.0,17.805,6512.086,6529.8910000000005,,False
fe094399-7f70-4aeb-86d8-2ce5d4140a32,cached_on_demand,spark,32,,0.0,21.049,6497.326,6518.375,,False
d49444c2-92b1-42da-946e-e72329da4138,cached_on_demand,spark,32,,0.0,11.15,6510.705,6521.855,,False
7d49e4cd-0ac9-452a-bd57-2fb3e9e208f5,cached_on_demand,spark,32,,0.0,28.026,6466.491,6494.517,,False
c0116948-89a2-404c-82ec-29947d82e2fe,cached_on_demand,spark,32,,0.0,19.611,6491.094,6510.705,,False
63dc1242-18f0-46e4-a8b5-f419df45ec6b,cached_on_demand,spark,32,,0.0,19.173,6481.8,6500.973,,False
39013a6d-556f-4cdd-9ce6-393372059a0b,cached_on_demand,spark,32,,0.0,19.182,6470.713,6489.8949999999995,,False
574b777e-1fb8-4631-96e8-380591ad6268,cached_on_demand,spark,32,,0.0,18.402,6493.701,6512.103,,False
c24a864f-4e04-4f1b-a456-874755e3a7ac,cached_on_demand,spark,32,,0.0,19.352,6486.826,6506.178,,False
270eb29f-bc38-4ea4-9115-c46f029db4ff,cached_on_demand,spark,32,,0.0,18.888,6489.747,6508.635,,False
fecff285-8048-4bd3-b6b3-7338dc054db8,cached_on_demand,spark,32,,0.0,10.268,6505.836,6516.104,,False
7ddb921c-ec97-48ed-87fa-8ab2c02f5481,cached_on_demand,spark,32,,0.0,15.613,6459.832,6475.445000000001,,False
ed9d8d82-d586-4e09-be8d-9f654a456f24,cached_on_demand,spark,32,,0.0,22.947,6480.682,6503.629,,False
2aee5387-ca82-4081-8c1f-16680693b80b,cached_on_demand,spark,32,,0.0,6.006,6531.527,6537.533,,False
88b4bd99-6e3d-4ac4-a470-e2ab244bedd7,cached_on_demand,spark,32,,0.0,6.757,6536.881,6543.638,,False
e51fb64a-399e-49da-8743-d9427b2b441c,cached_on_demand,spark,32,,0.0,10.282,6508.118,6518.400000000001,,False
eb5fe74d-94bf-4438-acea-f9e97eea8aa1,cached_on_demand,spark,32,,0.0,17.469,6497.519,6514.988,,False
9028f128-92e0-43e9-8cc8-5b66e961972f,cached_on_demand,spark,32,,0.0,8.91,6521.028,6529.938,,False
00f777cd-5eb9-4fb7-abac-45ac06813e87,cached_on_demand,spark,32,,0.0,6.795,6524.59,6531.385,,False
26eb2c89-719c-40a4-a102-e751898db0da,cached_on_demand,spark,32,,0.0,14.478,6523.828,6538.3060000000005,,False
d7442ca0-9778-400b-9510-e1858ba126b1,cached_on_demand,spark,32,,0.0,20.086,6502.846,6522.932,,False
42c591a5-d7cf-4237-b16d-c482981d29e3,cached_on_demand,spark,32,,0.0,17.988,6471.14,6489.128000000001,,False
4ba2718a-e067-4871-bdad-73270916b7cb,cached_on_demand,spark,32,,0.0,18.978,6502.795,6521.773,,False
86586a60-0b13-49ca-8099-4b5e4ac99234,cached_on_demand,spark,32,,0.0,15.64,6495.993,6511.633000000001,,False
4bab1c71-6710-4583-ba45-8aecd7a0ad5f,cached_on_demand,spark,32,,0.0,16.094,6528.702,6544.796,,False
90c44171-4eab-4efe-bbe6-e2d3c1f16faa,cached_on_demand,spark,32,,0.0,10.795,6510.109,6520.904,,False
4fd3d44a-d874-4f9d-9bc6-84a60cac1133,cached_on_demand,spark,32,,0.0,8.37,6499.69,6508.0599999999995,,False
db790f73-6b74-46aa-943d-8cd96c0eb160,cached_on_demand,spark,32,,0.0,17.635,6503.743,6521.378000000001,,False
4bdf2cce-fd9b-4a98-9920-ef41c342df9a,cached_on_demand,spark,32,,0.0,7.57,6511.661,6519.231,,False
52efcb74-d00e-400a-a6ac-964bad7c140c,cached_on_demand,spark,32,,0.0,10.431,6506.247,6516.678,,False
c6ed744d-c3ad-43b4-981d-a7836198b05a,cached_on_demand,spark,32,,0.0,16.282,6510.717,6526.999,,False
53292181-05be-405f-b2b5-107e117687a7,cached_on_demand,spark,32,,0.0,5.996,6509.886,6515.8820000000005,,False
ddc356bd-0ce3-404f-bae8-20d23d4410bd,cached_on_demand,spark,32,,0.0,7.575,6520.532,6528.107,,False
9d5078a9-98a0-4d4f-80ff-5a9f0ff519ad,cached_on_demand,spark,32,,0.0,7.821,6508.88,6516.701,,False
fcb5ae0e-e844-44a1-be28-a5f23622ce88,cached_on_demand,spark,32,,0.0,19.392,6501.144,6520.536,,False
f562018e-26b3-4459-bad6-437862c87b45,cached_on_demand,spark,32,,0.0,13.328,6504.668,6517.996,,False
704b0f5c-676f-4817-89ad-cd2b880aad4e,cached_on_demand,spark,32,,0.0,13.626,6422.494,6436.12,,False
f4ff6489-8ad7-40d9-9cff-a2db92bfaae0,cached_on_demand,spark,32,,0.0,8.958,6525.734,6534.692,,False
d621c68c-6136-4e6f-beb9-bdddf40e43d3,cached_on_demand,spark,32,,0.0,9.891,6521.366,6531.257,,False
4aa02e28-cdfa-4400-a39c-f43985aac86c,cached_on_demand,spark,32,,0.0,18.263,6503.406,6521.669,,False
535edadf-4b4c-4d87-8010-a11adca03bf1,cached_on_demand,spark,32,,0.0,13.667,6512.466,6526.133000000001,,False
813b3c45-a9c6-4ea6-a5b8-aefb0c12c9c9,cached_on_demand,spark,32,,0.0,20.766,6511.314,6532.08,,False
1169953d-2eb5-41bb-ad31-af39ecdee102,cached_on_demand,spark,32,,0.0,18.895,6541.079,6559.974,,False
efcbc7be-54a9-47a9-8007-ef74624ea034,cached_on_demand,spark,32,,0.0,16.712,6548.588,6565.3,,False
a7548149-0290-466c-a4ce-87bdd4d3e121,cached_on_demand,spark,32,,0.0,16.116,6543.469,6559.585,,False
718e76ba-25fb-4164-a131-74116b70a1f9,cached_on_demand,spark,32,,0.0,6.267,6561.869,6568.1359999999995,,False
fda8b6b3-ce10-44cf-92e5-b1c8df57773d,cached_on_demand,spark,32,,0.0,17.839,6529.675,6547.514,,False
90ff8f61-a0b5-4a90-bdfe-a42445522c68,cached_on_demand,spark,32,,0.0,7.916,6543.571,6551.487,,False
66fd435a-93f8-4875-bcfd-4ada958ebf43,cached_on_demand,spark,32,,0.0,18.826,6528.227,6547.053,,False
9826cbbf-6807-4214-bd97-b6e0eee7cc77,cached_on_demand,spark,32,,0.0,17.45,6530.925,6548.375,,False
