actual_e2e_ms,block,client_latency_ms,completed_timestamp,concurrency,condition_id,error,eval_count,excluded,inference_ms,model,node_id,node_state,queue_wait_ms,request_id,response,role,run_order,stage_seconds,status,target_node,timestamp,tokens_per_second,ttft_ms,within_block_order
200.014,0,201.136,1788522033.2191186,1,warmup,,8,True,200.012,llama3.2:1b,etri-ser0001-cg0msb,ACTIVE,0.002,d4e0f26d-c705-465e-9b44-67ba785c890c,Edge computing reduces latency by processing data closer,agx,0,,ok,agx,1788522033.0179849,276.129,170.595,
189.09,1,192.091,1788522033.411947,32,b01-o01-agx-c32,,8,False,189.088,llama3.2:1b,etri-ser0001-cg0msb,ACTIVE,0.002,a1792696-9fc8-4e1c-a452-a09d34a3c01e,Edge computing reduces latency by processing data closer,agx,1,30.0,ok,agx,1788522033.2198586,281.492,160.37,1
377.922,1,381.624,1788522033.6020088,32,b01-o01-agx-c32,,8,False,189.975,llama3.2:1b,etri-ser0001-cg0msb,ACTIVE,187.947,536dfc3d-a8a3-4fc9-bf4c-a81cc2cd9582,Edge computing reduces latency by processing data closer,agx,1,30.0,ok,agx,1788522033.2203867,282.028,349.225,1
557.569,1,561.592,1788522033.7817147,32,b01-o01-agx-c32,,8,False,179.616,llama3.2:1b,etri-ser0001-cg0msb,ACTIVE,377.953,5afb4b23-5413-4a05-9951-b0c250deb695,Edge computing reduces latency by processing data closer,agx,1,30.0,ok,agx,1788522033.220124,281.037,528.873,1
744.288,1,748.488,1788522033.969166,32,b01-o01-agx-c32,,8,False,187.328,llama3.2:1b,etri-ser0001-cg0msb,ACTIVE,556.96,0870326a-f8b6-4247-8692-b516bca5d86b,Edge computing reduces latency by processing data closer,agx,1,30.0,ok,agx,1788522033.2206795,282.028,715.474,1
926.761,1,930.952,1788522034.1518896,32,b01-o01-agx-c32,,8,False,182.66,llama3.2:1b,etri-ser0001-cg0msb,ACTIVE,744.102,4b0f3ac0-e4c2-4f2a-9222-bf3f95a6db20,Edge computing reduces latency by processing data closer,agx,1,30.0,ok,agx,1788522033.2209392,276.167,897.569,1
,1,1049.759,1788522034.2731748,32,b01-o01-agx-c32,ConnectionResetError:[Errno 104] Connection reset by peer,,False,,,,,,9853b26d-0f1b-4d99-9002-55451071a1a6,,,1,30.0,error,agx,1788522033.2234163,,,1
,1,1048.738,1788522034.273505,32,b01-o01-agx-c32,ConnectionResetError:[Errno 104] Connection reset by peer,,False,,,,,,38d98575-9034-4c7b-8af4-3626e77d113c,,,1,30.0,error,agx,1788522033.2247674,,,1
1141.495,1,1145.278,1788522034.3667138,32,b01-o01-agx-c32,,8,False,214.73,llama3.2:1b,etri-ser0001-cg0msb,ACTIVE,926.765,5e00c025-eca5-4b8e-9924-a32946eaeb5e,Edge computing reduces latency by processing data closer,agx,1,30.0,ok,agx,1788522033.2214372,279.877,1112.415,1
1318.23,1,1322.61,1788522034.5437768,32,b01-o01-agx-c32,,8,False,176.937,llama3.2:1b,etri-ser0001-cg0msb,ACTIVE,1141.292,02c76194-b6d6-4de5-843e-8c86ef1afe51,Edge computing reduces latency by processing data closer,agx,1,30.0,ok,agx,1788522033.221169,281.74,1289.478,1
1500.984,1,1505.064,1788522034.7271228,32,b01-o01-agx-c32,,8,False,183.311,llama3.2:1b,etri-ser0001-cg0msb,ACTIVE,1317.673,d7f65da2-c252-4da0-b268-5ea13af43602,Edge computing reduces latency by processing data closer,agx,1,30.0,ok,agx,1788522033.2220602,281.67,1472.126,1
1688.28,1,1692.664,1788522034.9144852,32,b01-o01-agx-c32,,8,False,187.269,llama3.2:1b,etri-ser0001-cg0msb,ACTIVE,1501.011,c60d2d88-7c12-44f0-84ae-dfc579919454,Edge computing reduces latency by processing data closer,agx,1,30.0,ok,agx,1788522033.2218232,281.839,1659.499,1
1875.049,1,1880.263,1788522035.102691,32,b01-o01-agx-c32,,8,False,188.175,llama3.2:1b,etri-ser0001-cg0msb,ACTIVE,1686.874,7b0778da-7036-444a-acdb-f7edcd1b15cc,Edge computing reduces latency by processing data closer,agx,1,30.0,ok,agx,1788522033.22243,281.334,1846.397,1
2064.879,1,2070.438,1788522035.292684,32,b01-o01-agx-c32,,8,False,189.885,llama3.2:1b,etri-ser0001-cg0msb,ACTIVE,1874.994,2863e894-d387-439c-80cf-ae0917a349a1,Edge computing reduces latency by processing data closer,agx,1,30.0,ok,agx,1788522033.2222478,269.733,2034.894,1
2237.284,1,2242.937,1788522035.4656312,32,b01-o01-agx-c32,,8,False,172.861,llama3.2:1b,etri-ser0001-cg0msb,ACTIVE,2064.424,0ae6ed09-bde2-43b1-8bb1-be712eed6d06,Edge computing reduces latency by processing data closer,agx,1,30.0,ok,agx,1788522033.2226965,282.028,2208.584,1
2413.369,1,2419.029,1788522035.6419878,32,b01-o01-agx-c32,,8,False,176.268,llama3.2:1b,etri-ser0001-cg0msb,ACTIVE,2237.101,1b6363a7-f6df-44f6-8152-7847f3d59903,Edge computing reduces latency by processing data closer,agx,1,30.0,ok,agx,1788522033.2229612,279.105,2384.295,1
2598.952,1,2604.816,1788522035.8279862,32,b01-o01-agx-c32,,8,False,185.969,llama3.2:1b,etri-ser0001-cg0msb,ACTIVE,2412.983,bb159068-6a87-4de8-87f5-2009017f9cf4,Edge computing reduces latency by processing data closer,agx,1,30.0,ok,agx,1788522033.2231722,281.512,2570.217,1
2776.739,1,2781.462,1788522036.0066147,32,b01-o01-agx-c32,,8,False,178.655,llama3.2:1b,etri-ser0001-cg0msb,ACTIVE,2598.083,166d05cd-8c08-4982-80ea-6f233872eaf5,Edge computing reduces latency by processing data closer,agx,1,30.0,ok,agx,1788522033.2251542,280.269,2747.96,1
2973.82,1,2980.501,1788522036.2041433,32,b01-o01-agx-c32,,8,False,197.463,llama3.2:1b,etri-ser0001-cg0msb,ACTIVE,2776.357,b4a1ecdc-b815-44f8-8edb-d1c4b21e1362,Edge computing reduces latency by processing data closer,agx,1,30.0,ok,agx,1788522033.2236428,281.77,2945.053,1
3151.818,1,3158.614,1788522036.3829703,32,b01-o01-agx-c32,,8,False,178.591,llama3.2:1b,etri-ser0001-cg0msb,ACTIVE,2973.227,34e04c8b-af3f-4fda-87dc-f66c79effd44,Edge computing reduces latency by processing data closer,agx,1,30.0,ok,agx,1788522033.2243586,281.69,3123.073,1
3332.495,1,3338.809,1788522036.5641892,32,b01-o01-agx-c32,,8,False,180.931,llama3.2:1b,etri-ser0001-cg0msb,ACTIVE,3151.565,15c3ffb3-8af9-4326-acf0-0d19ea468748,Edge computing reduces latency by processing data closer,agx,1,30.0,ok,agx,1788522033.225382,282.117,3303.734,1
3524.554,1,3530.094,1788522036.7561767,32,b01-o01-agx-c32,,8,False,191.892,llama3.2:1b,etri-ser0001-cg0msb,ACTIVE,3332.662,9822e09f-e31c-4d15-87c1-adfc26278647,Edge computing reduces latency by processing data closer,agx,1,30.0,ok,agx,1788522033.2260847,280.603,3495.57,1
3719.183,1,3724.558,1788522036.9510584,32,b01-o01-agx-c32,,8,False,194.776,llama3.2:1b,etri-ser0001-cg0msb,ACTIVE,3524.407,2358ef2a-f960-41b0-b27c-367236b8b0f8,Edge computing reduces latency by processing data closer,agx,1,30.0,ok,agx,1788522033.2265012,279.74,3690.275,1
3902.992,1,3909.31,1788522037.134894,32,b01-o01-agx-c32,,8,False,183.752,llama3.2:1b,etri-ser0001-cg0msb,ACTIVE,3719.24,f758a925-e1a5-4256-9172-fab3108ce6e8,Edge computing reduces latency by processing data closer,agx,1,30.0,ok,agx,1788522033.225586,280.633,3874.198,1
3895.557,1,3897.109,1788522037.3090854,32,b01-o01-agx-c32,,8,False,174.319,llama3.2:1b,etri-ser0001-cg0msb,ACTIVE,3721.238,93cc4b58-6784-42a4-840e-1cd07f6c4cca,Edge computing reduces latency by processing data closer,agx,1,30.0,ok,agx,1788522033.411978,276.272,3866.432,1
3887.634,1,3888.988,1788522037.4910285,32,b01-o01-agx-c32,,8,False,181.937,llama3.2:1b,etri-ser0001-cg0msb,ACTIVE,3705.696,ad5a5b81-06fd-4230-a8ba-c6a33e8c7ef0,Edge computing reduces latency by processing data closer,agx,1,30.0,ok,agx,1788522033.6020412,280.348,3858.891,1
3892.428,1,3893.956,1788522037.6756968,32,b01-o01-agx-c32,,8,False,184.371,llama3.2:1b,etri-ser0001-cg0msb,ACTIVE,3708.057,244ce57f-48fa-4c14-ac03-934b65eab868,Edge computing reduces latency by processing data closer,agx,1,30.0,ok,agx,1788522033.7817435,282.117,3863.736,1
3901.121,1,3902.454,1788522037.871644,32,b01-o01-agx-c32,,8,False,195.887,llama3.2:1b,etri-ser0001-cg0msb,ACTIVE,3705.234,584f67c7-f274-4467-bf68-8271ee718fce,Edge computing reduces latency by processing data closer,agx,1,30.0,ok,agx,1788522033.9691908,278.232,3871.901,1
3894.561,1,3896.171,1788522038.0480924,32,b01-o01-agx-c32,,8,False,176.257,llama3.2:1b,etri-ser0001-cg0msb,ACTIVE,3718.304,0fa1d15b-3b56-44da-a6fb-b90757e24756,Edge computing reduces latency by processing data closer,agx,1,30.0,ok,agx,1788522034.1519225,280.092,3865.624,1
3953.04,1,5004.3,1788522038.2284787,32,b01-o01-agx-c32,,8,False,180.214,llama3.2:1b,etri-ser0001-cg0msb,ACTIVE,3772.826,b5ef874d-5d4a-4a94-88ee-41394d552a86,Edge computing reduces latency by processing data closer,agx,1,30.0,ok,agx,1788522033.2241807,280.761,3924.153,1
4144.639,1,5194.465,1788522038.4202847,32,b01-o01-agx-c32,,8,False,191.832,llama3.2:1b,etri-ser0001-cg0msb,ACTIVE,3952.806,b6dad0cb-bc4d-4c96-851c-94fae1a1f139,Edge computing reduces latency by processing data closer,agx,1,30.0,ok,agx,1788522033.2258198,281.799,4116.01,1
4347.271,1,5397.003,1788522038.6237779,32,b01-o01-agx-c32,,8,False,203.426,llama3.2:1b,etri-ser0001-cg0msb,ACTIVE,4143.845,a8d44cc8-5a03-4c9b-b64f-5a0b2bba3f1a,Edge computing reduces latency by processing data closer,agx,1,30.0,ok,agx,1788522033.2267756,281.007,4318.385,1
4523.178,1,5575.545,1788522038.8001256,32,b01-o01-agx-c32,,8,False,176.064,llama3.2:1b,etri-ser0001-cg0msb,ACTIVE,4347.114,23962760-b798-40b6-b882-b21d58a60294,Edge computing reduces latency by processing data closer,agx,1,30.0,ok,agx,1788522033.224583,281.245,4494.247,1
4715.829,1,5766.732,1788522038.9930303,32,b01-o01-agx-c32,,8,False,192.832,llama3.2:1b,etri-ser0001-cg0msb,ACTIVE,4522.997,80819522-a5a5-40fa-a98b-a1d47fd812e2,Edge computing reduces latency by processing data closer,agx,1,30.0,ok,agx,1788522033.226299,277.335,4686.501,1
4914.342,1,5964.566,1788522039.191775,32,b01-o01-agx-c32,,8,False,198.715,llama3.2:1b,etri-ser0001-cg0msb,ACTIVE,4715.628,49f7a731-4efd-479e-9284-7ae0abcf56dc,Edge computing reduces latency by processing data closer,agx,1,30.0,ok,agx,1788522033.2272112,282.018,4885.629,1
5112.44,1,6166.109,1788522039.3900201,32,b01-o01-agx-c32,,8,False,198.131,llama3.2:1b,etri-ser0001-cg0msb,ACTIVE,4914.309,d0c57439-bd0b-4439-b28b-947e6fe3b2e8,Edge computing reduces latency by processing data closer,agx,1,30.0,ok,agx,1788522033.2239127,275.255,5082.865,1
5288.596,1,5293.574,1788522039.5667768,32,b01-o01-agx-c32,,8,False,176.862,llama3.2:1b,etri-ser0001-cg0msb,ACTIVE,5111.734,76e0c7ab-df5c-4df0-a516-eef078f60efc,Edge computing reduces latency by processing data closer,agx,1,30.0,ok,agx,1788522034.2732038,280.505,5259.797,1
5473.567,1,5478.278,1788522039.7518067,32,b01-o01-agx-c32,,8,False,185.018,llama3.2:1b,etri-ser0001-cg0msb,ACTIVE,5288.549,9d60e37e-fbb5-4051-b2d0-af0e88650234,Edge computing reduces latency by processing data closer,agx,1,30.0,ok,agx,1788522034.2735295,276.52,5444.475,1
5667.03,1,6718.409,1788522039.945397,32,b01-o01-agx-c32,,8,False,193.497,llama3.2:1b,etri-ser0001-cg0msb,ACTIVE,5473.533,e329f69e-23f0-4c56-8e37-a6dac39f2039,Edge computing reduces latency by processing data closer,agx,1,30.0,ok,agx,1788522033.2269888,281.403,5638.292,1
5785.124,1,5786.771,1788522040.153513,32,b01-o01-agx-c32,,8,False,207.766,llama3.2:1b,etri-ser0001-cg0msb,ACTIVE,5577.358,db81919f-3f5e-4015-8b6c-9a361352823f,Edge computing reduces latency by processing data closer,agx,1,30.0,ok,agx,1788522034.366744,281.839,5756.464,1
5855.45,1,7120.981,1788522040.3459377,32,b01-o01-agx-c32,,8,False,192.317,llama3.2:1b,etri-ser0001-cg0msb,ACTIVE,5663.134,0cd0279c-30da-4542-894d-fc19eb7e35cb,Edge computing reduces latency by processing data closer,agx,1,30.0,ok,agx,1788522033.2249587,281.611,5826.629,1
6006.029,1,6007.603,1788522040.5514102,32,b01-o01-agx-c32,,8,False,205.597,llama3.2:1b,etri-ser0001-cg0msb,ACTIVE,5800.433,d363906c-b7e1-4372-8be0-3150a0069aa4,Edge computing reduces latency by processing data closer,agx,1,30.0,ok,agx,1788522034.5438075,277.971,5977.012,1
6013.424,1,6014.933,1788522040.7420833,32,b01-o01-agx-c32,,8,False,190.644,llama3.2:1b,etri-ser0001-cg0msb,ACTIVE,5822.781,9c91e4f5-23c9-4f39-85eb-6d77ac39fb08,Edge computing reduces latency by processing data closer,agx,1,30.0,ok,agx,1788522034.7271516,278.125,5984.409,1
6004.23,1,6005.866,1788522040.920381,32,b01-o01-agx-c32,,8,False,177.99,llama3.2:1b,etri-ser0001-cg0msb,ACTIVE,5826.24,80ddb5ef-cfc7-4c45-9ae9-75cb9b81f09e,Edge computing reduces latency by processing data closer,agx,1,30.0,ok,agx,1788522034.914516,282.227,5975.457,1
6010.834,1,6012.097,1788522041.1148167,32,b01-o01-agx-c32,,8,False,194.503,llama3.2:1b,etri-ser0001-cg0msb,ACTIVE,5816.331,68244c7b-827d-40fe-b571-958bdc0ceebb,Edge computing reduces latency by processing data closer,agx,1,30.0,ok,agx,1788522035.1027203,281.591,5982.131,1
6010.517,1,6012.222,1788522041.3049347,32,b01-o01-agx-c32,,8,False,189.783,llama3.2:1b,etri-ser0001-cg0msb,ACTIVE,5820.734,ae7f97ea-e20e-454d-9407-8236930754a8,Edge computing reduces latency by processing data closer,agx,1,30.0,ok,agx,1788522035.2927148,277.98,5981.217,1
6014.517,1,6015.936,1788522041.4815972,32,b01-o01-agx-c32,,8,False,176.866,llama3.2:1b,etri-ser0001-cg0msb,ACTIVE,5837.65,48f89d38-1df1-4112-af5c-d3a04e317003,Edge computing reduces latency by processing data closer,agx,1,30.0,ok,agx,1788522035.465662,281.591,5985.749,1
6026.45,1,6028.194,1788522041.6702108,32,b01-o01-agx-c32,,8,False,188.22,llama3.2:1b,etri-ser0001-cg0msb,ACTIVE,5838.23,c6afaf2d-1fe2-4cbc-b4f2-b20a3d49a67f,Edge computing reduces latency by processing data closer,agx,1,30.0,ok,agx,1788522035.6420183,282.187,5997.628,1
6034.321,1,6036.072,1788522041.8640864,32,b01-o01-agx-c32,,8,False,193.855,llama3.2:1b,etri-ser0001-cg0msb,ACTIVE,5840.466,7cda67d0-e944-4999-90d3-51f95e606613,Edge computing reduces latency by processing data closer,agx,1,30.0,ok,agx,1788522035.8280163,270.179,6004.406,1
6042.676,1,6044.075,1788522042.050709,32,b01-o01-agx-c32,,8,False,186.493,llama3.2:1b,etri-ser0001-cg0msb,ACTIVE,5856.184,bc7237b4-9cce-4383-bcbc-f83af45689f9,Edge computing reduces latency by processing data closer,agx,1,30.0,ok,agx,1788522036.0066369,279.73,6013.552,1
6031.426,1,6032.849,1788522042.237013,32,b01-o01-agx-c32,,8,False,186.398,llama3.2:1b,etri-ser0001-cg0msb,ACTIVE,5845.028,95e13740-f2f2-4eab-9cd0-2c8b83fff68c,Edge computing reduces latency by processing data closer,agx,1,30.0,ok,agx,1788522036.204164,281.849,6002.739,1
6033.908,1,6035.431,1788522042.4184315,32,b01-o01-agx-c32,,8,False,181.336,llama3.2:1b,etri-ser0001-cg0msb,ACTIVE,5852.572,2b39b694-2209-4341-890e-3dffba8b253d,Edge computing reduces latency by processing data closer,agx,1,30.0,ok,agx,1788522036.3830006,281.938,6005.0,1
6050.176,1,6051.879,1788522042.6160965,32,b01-o01-agx-c32,,8,False,197.73,llama3.2:1b,etri-ser0001-cg0msb,ACTIVE,5852.445,f1fedc34-1887-42c3-a905-ac4d91ebd61d,Edge computing reduces latency by processing data closer,agx,1,30.0,ok,agx,1788522036.5642183,281.77,6021.417,1
6044.529,1,6045.826,1788522042.802034,32,b01-o01-agx-c32,,8,False,185.743,llama3.2:1b,etri-ser0001-cg0msb,ACTIVE,5858.786,6f7310dd-9d05-4a9f-8ad6-fa92c7fd096e,Edge computing reduces latency by processing data closer,agx,1,30.0,ok,agx,1788522036.756209,278.193,6015.481,1
6041.384,1,6043.008,1788522042.9940858,32,b01-o01-agx-c32,,8,False,191.775,llama3.2:1b,etri-ser0001-cg0msb,ACTIVE,5849.609,34a066b2-e302-464c-8eb6-2b3a89fa3446,Edge computing reduces latency by processing data closer,agx,1,30.0,ok,agx,1788522036.9510798,278.464,6012.184,1
6042.019,1,6043.469,1788522043.1784015,32,b01-o01-agx-c32,,8,False,184.492,llama3.2:1b,etri-ser0001-cg0msb,ACTIVE,5857.526,25ab1115-6e7f-416b-83c6-8f18559a4783,Edge computing reduces latency by processing data closer,agx,1,30.0,ok,agx,1788522037.134933,242.623,6008.626,1
6092.418,1,6094.183,1788522043.403298,32,b01-o01-agx-c32,,8,False,224.607,llama3.2:1b,etri-ser0001-cg0msb,ACTIVE,5867.811,28a7f800-24ef-4759-ae79-336bf2a73d1a,Edge computing reduces latency by processing data closer,agx,1,30.0,ok,agx,1788522037.3091166,279.896,6063.482,1
6103.137,1,6104.525,1788522043.5955837,32,b01-o01-agx-c32,,8,False,192.312,llama3.2:1b,etri-ser0001-cg0msb,ACTIVE,5910.825,a8386684-6313-4051-a91b-0576898aaad6,Edge computing reduces latency by processing data closer,agx,1,30.0,ok,agx,1788522037.4910607,275.359,6073.651,1
6104.031,1,6105.608,1788522043.781334,32,b01-o01-agx-c32,,8,False,185.548,llama3.2:1b,etri-ser0001-cg0msb,ACTIVE,5918.482,912dec16-811e-43f6-83d4-f9fba96e051c,Edge computing reduces latency by processing data closer,agx,1,30.0,ok,agx,1788522037.675728,278.077,6075.145,1
6089.763,1,6091.348,1788522043.9630125,32,b01-o01-agx-c32,,8,False,181.485,llama3.2:1b,etri-ser0001-cg0msb,ACTIVE,5908.278,58ae6382-007b-47db-bda9-4a161e1f93c0,Edge computing reduces latency by processing data closer,agx,1,30.0,ok,agx,1788522037.871666,281.799,6060.997,1
6100.9,1,6102.254,1788522044.1503668,32,b01-o01-agx-c32,,8,False,187.322,llama3.2:1b,etri-ser0001-cg0msb,ACTIVE,5913.578,a4dcf96e-f6b3-4856-b3e9-f912db6f1538,Edge computing reduces latency by processing data closer,agx,1,30.0,ok,agx,1788522038.0481138,281.393,6071.877,1
6099.887,1,6101.328,1788522044.3298352,32,b01-o01-agx-c32,,8,False,179.333,llama3.2:1b,etri-ser0001-cg0msb,ACTIVE,5920.554,1a79789b-9a3e-4668-84f6-36a39baba0ef,Edge computing reduces latency by processing data closer,agx,1,30.0,ok,agx,1788522038.2285094,281.909,6071.028,1
6098.85,1,6100.265,1788522044.520568,32,b01-o01-agx-c32,,8,False,190.615,llama3.2:1b,etri-ser0001-cg0msb,ACTIVE,5908.235,5d87def2-3956-450f-b8fb-e08c232d19ed,Edge computing reduces latency by processing data closer,agx,1,30.0,ok,agx,1788522038.4203055,281.611,6070.069,1
6092.253,1,6093.698,1788522044.7174952,32,b01-o01-agx-c32,,8,False,196.816,llama3.2:1b,etri-ser0001-cg0msb,ACTIVE,5895.437,d69a5090-0566-494c-9b5d-c86b041e7133,Edge computing reduces latency by processing data closer,agx,1,30.0,ok,agx,1788522038.6237988,274.942,6062.724,1
6134.562,1,6136.246,1788522044.9364014,32,b01-o01-agx-c32,,8,False,218.868,llama3.2:1b,etri-ser0001-cg0msb,ACTIVE,5915.694,a451d8f3-29f0-47c3-9500-1ff0960936bf,Edge computing reduces latency by processing data closer,agx,1,30.0,ok,agx,1788522038.800157,281.819,6105.713,1
6125.171,1,6126.555,1788522045.1196105,32,b01-o01-agx-c32,,8,False,183.367,llama3.2:1b,etri-ser0001-cg0msb,ACTIVE,5941.804,3c303c49-d288-4233-83c2-72611e098d41,Edge computing reduces latency by processing data closer,agx,1,30.0,ok,agx,1788522038.9930558,279.867,6096.424,1
6126.634,1,6128.205,1788522045.32001,32,b01-o01-agx-c32,,8,False,200.13,llama3.2:1b,etri-ser0001-cg0msb,ACTIVE,5926.504,779e5898-ea54-4c54-91ef-38eaa7b7dd52,Edge computing reduces latency by processing data closer,agx,1,30.0,ok,agx,1788522039.1918054,277.441,6097.616,1
6148.436,1,6149.782,1788522045.5398302,32,b01-o01-agx-c32,,8,False,219.703,llama3.2:1b,etri-ser0001-cg0msb,ACTIVE,5928.734,570b9cec-8c3b-4388-82c6-f4b012adaa38,Edge computing reduces latency by processing data closer,agx,1,30.0,ok,agx,1788522039.3900497,280.899,6119.781,1
6146.91,1,6148.278,1788522045.715075,32,b01-o01-agx-c32,,8,False,175.19,llama3.2:1b,etri-ser0001-cg0msb,ACTIVE,5971.721,08f28ba5-5dbf-4373-931f-31108451027d,Edge computing reduces latency by processing data closer,agx,1,30.0,ok,agx,1788522039.566799,281.363,6118.209,1
6158.625,1,6160.092,1788522045.911917,32,b01-o01-agx-c32,,8,False,196.761,llama3.2:1b,etri-ser0001-cg0msb,ACTIVE,5961.864,aa93e3e0-dfa6-4906-98d9-bf3a9dbb9fbd,Edge computing reduces latency by processing data closer,agx,1,30.0,ok,agx,1788522039.7518277,281.294,6129.953,1
6145.549,1,6146.951,1788522046.0923674,32,b01-o01-agx-c32,,8,False,180.245,llama3.2:1b,etri-ser0001-cg0msb,ACTIVE,5965.304,ad0ef2e5-4ed3-4607-841d-c1ad7150a374,Edge computing reduces latency by processing data closer,agx,1,30.0,ok,agx,1788522039.9454186,278.998,6116.295,1
6120.208,1,6121.863,1788522046.2754045,32,b01-o01-agx-c32,,8,False,182.996,llama3.2:1b,etri-ser0001-cg0msb,ACTIVE,5937.212,a9180c10-7e25-4d62-8778-9a7b72bd6e99,Edge computing reduces latency by processing data closer,agx,1,30.0,ok,agx,1788522040.1535437,280.564,6091.264,1
6112.624,1,6114.322,1788522046.460289,32,b01-o01-agx-c32,,8,False,184.796,llama3.2:1b,etri-ser0001-cg0msb,ACTIVE,5927.829,cc8133b4-d35d-4dad-84ab-90a3004aac13,Edge computing reduces latency by processing data closer,agx,1,30.0,ok,agx,1788522040.3459692,281.175,6083.901,1
6092.004,1,6093.443,1788522046.6448736,32,b01-o01-agx-c32,,8,False,184.525,llama3.2:1b,etri-ser0001-cg0msb,ACTIVE,5907.479,a13d6c15-4c8a-4b94-a114-9f918e5a5cde,Edge computing reduces latency by processing data closer,agx,1,30.0,ok,agx,1788522040.5514321,277.075,6062.898,1
6082.785,1,6084.147,1788522046.826248,32,b01-o01-agx-c32,,8,False,181.154,llama3.2:1b,etri-ser0001-cg0msb,ACTIVE,5901.631,142ff2a5-27ee-4621-a25e-a3c9d8517b5d,Edge computing reduces latency by processing data closer,agx,1,30.0,ok,agx,1788522040.742103,280.712,6053.776,1
6097.684,1,6099.189,1788522047.01959,32,b01-o01-agx-c32,,8,False,193.441,llama3.2:1b,etri-ser0001-cg0msb,ACTIVE,5904.243,69fa545b-d2e1-41be-be63-2d56189a5b99,Edge computing reduces latency by processing data closer,agx,1,30.0,ok,agx,1788522040.920403,281.254,6068.879,1
6087.092,1,6088.506,1788522047.2033432,32,b01-o01-agx-c32,,8,False,183.805,llama3.2:1b,etri-ser0001-cg0msb,ACTIVE,5903.287,daa201a3-3309-4e42-90cd-595f765309a4,Edge computing reduces latency by processing data closer,agx,1,30.0,ok,agx,1788522041.1148381,279.847,6058.222,1
6095.584,1,6097.245,1788522047.4022093,32,b01-o01-agx-c32,,8,False,198.603,llama3.2:1b,etri-ser0001-cg0msb,ACTIVE,5896.982,8916dc3e-5945-4bd0-b820-253bce303e93,Edge computing reduces latency by processing data closer,agx,1,30.0,ok,agx,1788522041.3049662,277.364,6066.362,1
6108.972,1,6110.225,1788522047.591842,32,b01-o01-agx-c32,,8,False,189.661,llama3.2:1b,etri-ser0001-cg0msb,ACTIVE,5919.31,9c3db974-61c3-4b58-bd31-e74cba82e04c,Edge computing reduces latency by processing data closer,agx,1,30.0,ok,agx,1788522041.481618,282.117,6080.387,1
6096.208,1,6097.771,1788522047.768011,32,b01-o01-agx-c32,,8,False,176.115,llama3.2:1b,etri-ser0001-cg0msb,ACTIVE,5920.093,d2c6692f-e479-4295-b97b-f56d0bd1ee24,Edge computing reduces latency by processing data closer,agx,1,30.0,ok,agx,1788522041.6702418,280.859,6067.307,1
6101.69,1,6103.148,1788522047.9672663,32,b01-o01-agx-c32,,8,False,199.237,llama3.2:1b,etri-ser0001-cg0msb,ACTIVE,5902.452,bf3e7bc9-466a-4ef6-8352-30da7e3c2f25,Edge computing reduces latency by processing data closer,agx,1,30.0,ok,agx,1788522041.864119,276.74,6072.49,1
6103.135,1,6104.828,1788522048.155567,32,b01-o01-agx-c32,,8,False,187.973,llama3.2:1b,etri-ser0001-cg0msb,ACTIVE,5915.162,9e466593-31f0-4665-a962-39462c61b2f8,Edge computing reduces latency by processing data closer,agx,1,30.0,ok,agx,1788522042.0507407,281.532,6074.224,1
6097.992,1,6099.276,1788522048.3363087,32,b01-o01-agx-c32,,8,False,180.683,llama3.2:1b,etri-ser0001-cg0msb,ACTIVE,5917.309,d7d9ac2a-ca56-4956-b8f4-0b822bacb7ac,Edge computing reduces latency by processing data closer,agx,1,30.0,ok,agx,1788522042.2370334,282.277,6069.297,1
6109.64,1,6110.873,1788522048.5293245,32,b01-o01-agx-c32,,8,False,193.024,llama3.2:1b,etri-ser0001-cg0msb,ACTIVE,5916.616,ecebcd88-b155-4df6-8fde-50a124452082,Edge computing reduces latency by processing data closer,agx,1,30.0,ok,agx,1788522042.4184527,280.092,6080.854,1
6110.096,1,6111.254,1788522048.727372,32,b01-o01-agx-c32,,8,False,198.041,llama3.2:1b,etri-ser0001-cg0msb,ACTIVE,5912.055,de89e03a-cf70-456e-a9fe-5bfaff2b599a,Edge computing reduces latency by processing data closer,agx,1,30.0,ok,agx,1788522042.6161191,282.038,6081.442,1
6122.097,1,6123.571,1788522048.925625,32,b01-o01-agx-c32,,8,False,198.09,llama3.2:1b,etri-ser0001-cg0msb,ACTIVE,5924.007,dec1f01a-f894-4f95-91e3-3d9348d22c9e,Edge computing reduces latency by processing data closer,agx,1,30.0,ok,agx,1788522042.8020546,279.067,6093.236,1
6103.748,1,6105.199,1788522049.0993147,32,b01-o01-agx-c32,,8,False,173.548,llama3.2:1b,etri-ser0001-cg0msb,ACTIVE,5930.2,cd1c8f85-74b1-46b7-afaa-5cad6b5a85b0,Edge computing reduces latency by processing data closer,agx,1,30.0,ok,agx,1788522042.9941165,282.187,6075.094,1
6097.981,1,6099.518,1788522049.2779398,32,b01-o01-agx-c32,,8,False,178.381,llama3.2:1b,etri-ser0001-cg0msb,ACTIVE,5919.599,c27ed2b1-549e-480c-9e5b-1e7152d2f0ef,Edge computing reduces latency by processing data closer,agx,1,30.0,ok,agx,1788522043.1784241,282.686,6069.356,1
6061.229,1,6062.579,1788522049.4659057,32,b01-o01-agx-c32,,8,False,188.104,llama3.2:1b,etri-ser0001-cg0msb,ACTIVE,5873.125,a1f3d5a8-fc75-4316-b70d-94725574d668,Edge computing reduces latency by processing data closer,agx,1,30.0,ok,agx,1788522043.4033277,281.442,6032.637,1
6069.014,1,6070.693,1788522049.6663043,32,b01-o01-agx-c32,,8,False,200.115,llama3.2:1b,etri-ser0001-cg0msb,ACTIVE,5868.899,283a6940-b0b7-4b16-aa4d-5948427c6857,Edge computing reduces latency by processing data closer,agx,1,30.0,ok,agx,1788522043.5956132,280.692,6040.295,1
6072.05,1,6073.416,1788522049.8547804,32,b01-o01-agx-c32,,8,False,188.524,llama3.2:1b,etri-ser0001-cg0msb,ACTIVE,5883.526,e2038e73-c7be-4c61-8f98-5cf85c1ca1f3,Edge computing reduces latency by processing data closer,agx,1,30.0,ok,agx,1788522043.7813666,259.067,6040.703,1
6068.811,1,6070.291,1788522050.0333316,32,b01-o01-agx-c32,,8,False,178.455,llama3.2:1b,etri-ser0001-cg0msb,ACTIVE,5890.356,53472bce-764b-454e-8b97-f95d7f1bda21,Edge computing reduces latency by processing data closer,agx,1,30.0,ok,agx,1788522043.963041,280.063,6039.887,1
6068.606,1,6069.975,1788522050.2203639,32,b01-o01-agx-c32,,8,False,186.98,llama3.2:1b,etri-ser0001-cg0msb,ACTIVE,5881.625,55a38051-2afa-4899-bb0e-d123b4e90395,Edge computing reduces latency by processing data closer,agx,1,30.0,ok,agx,1788522044.1503892,281.819,6039.969,1
6078.596,1,6080.302,1788522050.4101658,32,b01-o01-agx-c32,,8,False,189.541,llama3.2:1b,etri-ser0001-cg0msb,ACTIVE,5889.055,bfe821d8-c5a7-4c98-bc85-02752d2ab697,Edge computing reduces latency by processing data closer,agx,1,30.0,ok,agx,1788522044.3298655,280.869,6049.807,1
6077.926,1,6079.707,1788522050.600306,32,b01-o01-agx-c32,,8,False,190.044,llama3.2:1b,etri-ser0001-cg0msb,ACTIVE,5887.882,ad9a3070-bd06-493d-8f81-c0925ee01753,Edge computing reduces latency by processing data closer,agx,1,30.0,ok,agx,1788522044.5206003,274.339,6048.393,1
6056.934,1,6058.342,1788522050.7758658,32,b01-o01-agx-c32,,8,False,175.777,llama3.2:1b,etri-ser0001-cg0msb,ACTIVE,5881.157,432495dc-77f0-4528-a269-c20b510bee68,Edge computing reduces latency by processing data closer,agx,1,30.0,ok,agx,1788522044.7175248,281.522,6028.301,1
6018.689,1,6020.283,1788522050.9567144,32,b01-o01-agx-c32,,8,False,180.605,llama3.2:1b,etri-ser0001-cg0msb,ACTIVE,5838.084,dbf9df14-5fa5-4a73-b44f-b2aeae714991,Edge computing reduces latency by processing data closer,agx,1,30.0,ok,agx,1788522044.9364326,280.919,5990.046,1
6028.463,1,6030.158,1788522051.1497872,32,b01-o01-agx-c32,,8,False,192.83,llama3.2:1b,etri-ser0001-cg0msb,ACTIVE,5835.634,7e3a48c9-0d9c-485a-b360-8fb279593e19,Edge computing reduces latency by processing data closer,agx,1,30.0,ok,agx,1788522045.1196318,274.245,5998.882,1
6028.593,1,6030.235,1788522051.350264,32,b01-o01-agx-c32,,8,False,200.374,llama3.2:1b,etri-ser0001-cg0msb,ACTIVE,5828.219,324dc401-65b6-4714-bda0-901cc93ba501,Edge computing reduces latency by processing data closer,agx,1,30.0,ok,agx,1788522045.3200314,278.542,5999.31,1
5993.802,1,5995.243,1788522051.5351024,32,b01-o01-agx-c32,,8,False,185.077,llama3.2:1b,etri-ser0001-cg0msb,ACTIVE,5808.725,dfa0483e-42f1-48ba-8021-851f41adb196,Edge computing reduces latency by processing data closer,agx,1,30.0,ok,agx,1788522045.5398598,281.75,5965.136,1
6009.838,1,6011.13,1788522051.726236,32,b01-o01-agx-c32,,8,False,190.982,llama3.2:1b,etri-ser0001-cg0msb,ACTIVE,5818.856,259764ff-f887-4533-932c-cc610460a9d2,Edge computing reduces latency by processing data closer,agx,1,30.0,ok,agx,1788522045.7151065,281.7,5981.209,1
5994.489,1,5995.946,1788522051.907899,32,b01-o01-agx-c32,,8,False,181.594,llama3.2:1b,etri-ser0001-cg0msb,ACTIVE,5812.896,7437a682-0186-485e-bbfa-cc548a6afa71,Edge computing reduces latency by processing data closer,agx,1,30.0,ok,agx,1788522045.9119537,279.847,5965.621,1
6028.883,1,6030.562,1788522052.1229582,32,b01-o01-agx-c32,,8,False,214.709,llama3.2:1b,etri-ser0001-cg0msb,ACTIVE,5814.175,dd754ef3-1f47-43f1-baa3-5e440eb0a8c0,Edge computing reduces latency by processing data closer,agx,1,30.0,ok,agx,1788522046.0923984,281.918,6000.026,1
6038.888,1,6040.455,1788522052.3158882,32,b01-o01-agx-c32,,8,False,193.027,llama3.2:1b,etri-ser0001-cg0msb,ACTIVE,5845.861,29d1d7a1-4ea6-4896-aef6-4ea71b179cb7,Edge computing reduces latency by processing data closer,agx,1,30.0,ok,agx,1788522046.275435,282.127,6010.039,1
6041.67,1,6043.105,1788522052.5034235,32,b01-o01-agx-c32,,8,False,187.477,llama3.2:1b,etri-ser0001-cg0msb,ACTIVE,5854.193,2fa3aba3-7495-4da7-90c4-a2dd0bc48283,Edge computing reduces latency by processing data closer,agx,1,30.0,ok,agx,1788522046.4603195,282.018,6013.12,1
6033.047,1,6034.789,1788522052.6796923,32,b01-o01-agx-c32,,8,False,175.941,llama3.2:1b,etri-ser0001-cg0msb,ACTIVE,5857.106,a4f4cbbc-d841-499b-9ee5-37eecb074860,Edge computing reduces latency by processing data closer,agx,1,30.0,ok,agx,1788522046.6449046,276.797,6003.826,1
6060.17,1,6061.604,1788522052.8878822,32,b01-o01-agx-c32,,8,False,208.367,llama3.2:1b,etri-ser0001-cg0msb,ACTIVE,5851.803,24d4a270-01ec-4d3a-b415-417d88c58cc1,Edge computing reduces latency by processing data closer,agx,1,30.0,ok,agx,1788522046.8262787,281.809,6031.646,1
6060.596,1,6061.78,1788522053.0814004,32,b01-o01-agx-c32,,8,False,193.345,llama3.2:1b,etri-ser0001-cg0msb,ACTIVE,5867.251,87f6005a-4c99-44d0-8c8c-01ed2293dd01,Edge computing reduces latency by processing data closer,agx,1,30.0,ok,agx,1788522047.0196214,280.132,6031.778,1
6055.32,1,6056.547,1788522053.2599137,32,b01-o01-agx-c32,,8,False,178.439,llama3.2:1b,etri-ser0001-cg0msb,ACTIVE,5876.882,0cdaee53-1a91-41a9-90fe-9f14cba9089f,Edge computing reduces latency by processing data closer,agx,1,30.0,ok,agx,1788522047.2033672,279.115,6026.219,1
6034.967,1,6036.35,1788522053.4385881,32,b01-o01-agx-c32,,8,False,178.698,llama3.2:1b,etri-ser0001-cg0msb,ACTIVE,5856.27,f809e27e-33b5-427d-a5b5-a2b0349a22e0,Edge computing reduces latency by processing data closer,agx,1,30.0,ok,agx,1788522047.4022393,279.291,6005.998,1
6031.772,1,6033.113,1788522053.6249743,32,b01-o01-agx-c32,,8,False,185.946,llama3.2:1b,etri-ser0001-cg0msb,ACTIVE,5845.826,6ebd0bba-d960-4089-adce-2a4d8d8ac6b3,Edge computing reduces latency by processing data closer,agx,1,30.0,ok,agx,1788522047.5918634,281.146,6003.006,1
6030.433,1,6031.967,1788522053.8000083,32,b01-o01-agx-c32,,8,False,174.963,llama3.2:1b,etri-ser0001-cg0msb,ACTIVE,5855.47,141359e9-f917-461c-a9c9-accfc15b21cf,Edge computing reduces latency by processing data closer,agx,1,30.0,ok,agx,1788522047.768043,281.7,6001.776,1
6028.784,1,6030.19,1788522053.997477,32,b01-o01-agx-c32,,8,False,197.605,llama3.2:1b,etri-ser0001-cg0msb,ACTIVE,5831.179,971b4123-50bf-4595-98cb-c1e8d67eccf8,Edge computing reduces latency by processing data closer,agx,1,30.0,ok,agx,1788522047.967288,282.217,6000.129,1
6027.997,1,6029.637,1788522054.1852322,32,b01-o01-agx-c32,,8,False,187.443,llama3.2:1b,etri-ser0001-cg0msb,ACTIVE,5840.553,8ca3748a-8a90-410b-a049-ae7c72ef3f3c,Edge computing reduces latency by processing data closer,agx,1,30.0,ok,agx,1788522048.155596,281.879,5999.229,1
6026.71,1,6028.167,1788522054.3644946,32,b01-o01-agx-c32,,8,False,179.165,llama3.2:1b,etri-ser0001-cg0msb,ACTIVE,5847.546,889e77ca-1dfc-4ece-9c54-bf7eb2cc37bb,Edge computing reduces latency by processing data closer,agx,1,30.0,ok,agx,1788522048.33633,282.117,5997.955,1
6011.564,1,6012.933,1788522054.5422788,32,b01-o01-agx-c32,,8,False,177.863,llama3.2:1b,etri-ser0001-cg0msb,ACTIVE,5833.702,94a6f045-6ee0-4ab8-88b1-ec9df3e753ce,Edge computing reduces latency by processing data closer,agx,1,30.0,ok,agx,1788522048.5293465,281.393,5982.871,1
5997.397,1,5998.631,1788522054.726024,32,b01-o01-agx-c32,,8,False,183.681,llama3.2:1b,etri-ser0001-cg0msb,ACTIVE,5813.716,97792463-91c2-4db5-93a2-c9d06f5dfdb8,Edge computing reduces latency by processing data closer,agx,1,30.0,ok,agx,1788522048.7273934,278.338,5968.346,1
5976.589,1,5977.865,1788522054.9035103,32,b01-o01-agx-c32,,8,False,177.408,llama3.2:1b,etri-ser0001-cg0msb,ACTIVE,5799.18,fa14b4b3-d65e-4e27-adae-0815f3a3a5af,Edge computing reduces latency by processing data closer,agx,1,30.0,ok,agx,1788522048.9256458,281.581,5947.967,1
5984.967,1,5986.536,1788522055.0858717,32,b01-o01-agx-c32,,8,False,182.164,llama3.2:1b,etri-ser0001-cg0msb,ACTIVE,5802.803,387dc1a0-26d1-4e82-9f64-2897d350985b,Edge computing reduces latency by processing data closer,agx,1,30.0,ok,agx,1788522049.0993376,281.879,5956.125,1
5987.922,1,5989.279,1788522055.2672496,32,b01-o01-agx-c32,,8,False,181.441,llama3.2:1b,etri-ser0001-cg0msb,ACTIVE,5806.481,90450481-03da-4b4d-b269-88a615af0c0b,Edge computing reduces latency by processing data closer,agx,1,30.0,ok,agx,1788522049.2779713,280.879,5959.095,1
5973.202,1,5974.437,1788522055.4403656,32,b01-o01-agx-c32,,8,False,173.143,llama3.2:1b,etri-ser0001-cg0msb,ACTIVE,5800.059,a417715c-9504-45b6-b6a7-a3e75aeb41a6,Edge computing reduces latency by processing data closer,agx,1,30.0,ok,agx,1788522049.4659297,281.284,5944.433,1
5990.795,1,5992.379,1788522055.6587129,32,b01-o01-agx-c32,,8,False,218.201,llama3.2:1b,etri-ser0001-cg0msb,ACTIVE,5772.595,0e6fc976-6464-4d2a-9bf8-9b88731421db,Edge computing reduces latency by processing data closer,agx,1,30.0,ok,agx,1788522049.6663349,282.147,5962.1,1
5980.089,1,5982.133,1788522055.8369446,32,b01-o01-agx-c32,,8,False,177.955,llama3.2:1b,etri-ser0001-cg0msb,ACTIVE,5802.134,82a34b88-1413-42f5-9b6c-a98fec97da35,Edge computing reduces latency by processing data closer,agx,1,30.0,ok,agx,1788522049.8548133,282.157,5951.211,1
5979.065,1,5980.502,1788522056.0138538,32,b01-o01-agx-c32,,8,False,176.97,llama3.2:1b,etri-ser0001-cg0msb,ACTIVE,5802.096,44e09310-839f-4a40-9b41-ec5b199636ac,Edge computing reduces latency by processing data closer,agx,1,30.0,ok,agx,1788522050.0333538,281.383,5950.383,1
5978.591,1,5979.843,1788522056.2002249,32,b01-o01-agx-c32,,8,False,186.23,llama3.2:1b,etri-ser0001-cg0msb,ACTIVE,5792.361,d922956e-d295-443d-a2ce-5f649e4139ce,Edge computing reduces latency by processing data closer,agx,1,30.0,ok,agx,1788522050.220384,282.316,5950.001,1
5973.676,1,5975.163,1788522056.385357,32,b01-o01-agx-c32,,8,False,185.096,llama3.2:1b,etri-ser0001-cg0msb,ACTIVE,5788.58,7b6713bb-9cac-4eca-9eba-6f64423f3b91,Edge computing reduces latency by processing data closer,agx,1,30.0,ok,agx,1788522050.4101954,282.167,5945.098,1
5953.932,1,5955.482,1788522056.5558155,32,b01-o01-agx-c32,,8,False,170.206,llama3.2:1b,etri-ser0001-cg0msb,ACTIVE,5783.727,5d8b3b70-3e07-489a-a380-1e7c1f77270d,Edge computing reduces latency by processing data closer,agx,1,30.0,ok,agx,1788522050.6003356,281.73,5925.04,1
5949.834,1,5951.231,1788522056.7271166,32,b01-o01-agx-c32,,8,False,171.349,llama3.2:1b,etri-ser0001-cg0msb,ACTIVE,5778.486,6e412f5d-aa66-4653-9c33-98657f57141b,Edge computing reduces latency by processing data closer,agx,1,30.0,ok,agx,1788522050.7758868,279.183,5920.983,1
5940.595,1,5941.847,1788522056.8985815,32,b01-o01-agx-c32,,8,False,171.499,llama3.2:1b,etri-ser0001-cg0msb,ACTIVE,5769.096,4a93a43a-452b-4cde-aabb-e2eda943ca8a,Edge computing reduces latency by processing data closer,agx,1,30.0,ok,agx,1788522050.9567354,280.574,5911.832,1
5941.256,1,5942.738,1788522057.0925567,32,b01-o01-agx-c32,,8,False,193.816,llama3.2:1b,etri-ser0001-cg0msb,ACTIVE,5747.44,569167f7-9b8e-4ed3-a0ce-ed9b404af6e2,Edge computing reduces latency by processing data closer,agx,1,30.0,ok,agx,1788522051.1498194,282.336,5912.769,1
5922.245,1,5923.515,1788522057.2738094,32,b01-o01-agx-c32,,8,False,181.252,llama3.2:1b,etri-ser0001-cg0msb,ACTIVE,5740.993,b7f499d7-4094-4036-9693-bf4b7c73404e,Edge computing reduces latency by processing data closer,agx,1,30.0,ok,agx,1788522051.3502953,280.446,5893.466,1
5921.913,1,5923.48,1788522057.4586015,32,b01-o01-agx-c32,,8,False,184.575,llama3.2:1b,etri-ser0001-cg0msb,ACTIVE,5737.338,853670d9-4394-4d09-843e-bb9235a2bbda,Edge computing reduces latency by processing data closer,agx,1,30.0,ok,agx,1788522051.535123,280.781,5893.16,1
5930.977,1,5932.59,1788522057.6588457,32,b01-o01-agx-c32,,8,False,200.133,llama3.2:1b,etri-ser0001-cg0msb,ACTIVE,5730.844,602c296f-9e07-4705-92a5-77493c4c1fb5,Edge computing reduces latency by processing data closer,agx,1,30.0,ok,agx,1788522051.7262578,269.179,5901.216,1
5950.167,1,5951.519,1788522057.859439,32,b01-o01-agx-c32,,8,False,200.554,llama3.2:1b,etri-ser0001-cg0msb,ACTIVE,5749.613,76244d9d-fdf4-4e18-86ba-1b84853876a8,Edge computing reduces latency by processing data closer,agx,1,30.0,ok,agx,1788522051.9079206,279.857,5920.907,1
5907.299,1,5908.999,1788522058.0319858,32,b01-o01-agx-c32,,8,False,172.361,llama3.2:1b,etri-ser0001-cg0msb,ACTIVE,5734.938,f260c1d3-2ac7-42ed-94cd-0bc9120bd904,Edge computing reduces latency by processing data closer,agx,1,30.0,ok,agx,1788522052.1229887,282.237,5878.46,1
5923.739,1,5925.284,1788522058.241204,32,b01-o01-agx-c32,,8,False,209.268,llama3.2:1b,etri-ser0001-cg0msb,ACTIVE,5714.471,de57b92e-6010-46d8-8bab-356b28905582,Edge computing reduces latency by processing data closer,agx,1,30.0,ok,agx,1788522052.3159206,282.097,5895.14,1
5924.613,1,5925.908,1788522058.4293513,32,b01-o01-agx-c32,,8,False,188.099,llama3.2:1b,etri-ser0001-cg0msb,ACTIVE,5736.514,4b752a82-0ec0-4d62-b8fe-26b35c3a60f6,Edge computing reduces latency by processing data closer,agx,1,30.0,ok,agx,1788522052.5034447,280.79,5895.664,1
5929.678,1,5931.113,1788522058.610834,32,b01-o01-agx-c32,,8,False,181.255,llama3.2:1b,etri-ser0001-cg0msb,ACTIVE,5748.423,4bbc9571-8a69-4846-adef-a2d2c759f7ca,Edge computing reduces latency by processing data closer,agx,1,30.0,ok,agx,1788522052.6797225,276.291,5900.463,1
5899.473,1,5900.806,1788522058.7887087,32,b01-o01-agx-c32,,8,False,178.038,llama3.2:1b,etri-ser0001-cg0msb,ACTIVE,5721.435,cbd7e3ba-ca5e-4782-85e5-630b8e944328,Edge computing reduces latency by processing data closer,agx,1,30.0,ok,agx,1788522052.8879035,281.532,5870.692,1
5897.8,1,5899.204,1788522058.9806247,32,b01-o01-agx-c32,,8,False,191.818,llama3.2:1b,etri-ser0001-cg0msb,ACTIVE,5705.982,2a39d0d6-ebbb-44f6-a4a1-c435cdb96734,Edge computing reduces latency by processing data closer,agx,1,30.0,ok,agx,1788522053.0814216,267.854,5867.811,1
5900.546,1,5901.999,1788522059.1619384,32,b01-o01-agx-c32,,8,False,181.168,llama3.2:1b,etri-ser0001-cg0msb,ACTIVE,5719.378,68bd7ce8-93e3-4ad2-b52d-c4f716a43eb1,Edge computing reduces latency by processing data closer,agx,1,30.0,ok,agx,1788522053.2599401,280.643,5871.755,1
5910.169,1,5911.689,1788522059.350296,32,b01-o01-agx-c32,,8,False,188.109,llama3.2:1b,etri-ser0001-cg0msb,ACTIVE,5722.06,44adb264-daa0-4c0f-96bd-0f790eb0ac10,Edge computing reduces latency by processing data closer,agx,1,30.0,ok,agx,1788522053.4386096,279.671,5881.19,1
5899.734,1,5900.965,1788522059.5259674,32,b01-o01-agx-c32,,8,False,175.854,llama3.2:1b,etri-ser0001-cg0msb,ACTIVE,5723.881,d07291b2-f4d3-44a9-bbca-dc5cceb10bfa,Edge computing reduces latency by processing data closer,agx,1,30.0,ok,agx,1788522053.6250036,282.177,5871.173,1
5917.614,1,5919.269,1788522059.7193072,32,b01-o01-agx-c32,,8,False,192.986,llama3.2:1b,etri-ser0001-cg0msb,ACTIVE,5724.628,991492c3-a85a-4605-bcf6-7f6a19f0cb01,Edge computing reduces latency by processing data closer,agx,1,30.0,ok,agx,1788522053.800039,276.367,5888.366,1
5901.365,1,5902.798,1788522059.900295,32,b01-o01-agx-c32,,8,False,180.819,llama3.2:1b,etri-ser0001-cg0msb,ACTIVE,5720.546,5381ed42-1436-452e-8174-87658472d009,Edge computing reduces latency by processing data closer,agx,1,30.0,ok,agx,1788522053.9974997,281.889,5872.594,1
5899.217,1,5900.747,1788522060.0859988,32,b01-o01-agx-c32,,8,False,185.788,llama3.2:1b,etri-ser0001-cg0msb,ACTIVE,5713.429,1a934a46-837d-482f-b8e8-2369ad22f334,Edge computing reduces latency by processing data closer,agx,1,30.0,ok,agx,1788522054.1852536,281.601,5870.585,1
5908.456,1,5909.946,1788522060.274472,32,b01-o01-agx-c32,,8,False,188.472,llama3.2:1b,etri-ser0001-cg0msb,ACTIVE,5719.984,44bc232e-f8a6-4e3a-8f4f-1fd2641681e0,Edge computing reduces latency by processing data closer,agx,1,30.0,ok,agx,1788522054.364527,280.014,5879.616,1
5921.562,1,5922.956,1788522060.4652574,32,b01-o01-agx-c32,,8,False,190.683,llama3.2:1b,etri-ser0001-cg0msb,ACTIVE,5730.879,6e931459-6982-4611-b733-6a1179cb8d5f,Edge computing reduces latency by processing data closer,agx,1,30.0,ok,agx,1788522054.5423024,277.441,5892.602,1
5949.794,1,5951.302,1788522060.677346,32,b01-o01-agx-c32,,8,False,211.943,llama3.2:1b,etri-ser0001-cg0msb,ACTIVE,5737.851,66ddfc4e-6041-4a6e-908f-a410a4492fb3,Edge computing reduces latency by processing data closer,agx,1,30.0,ok,agx,1788522054.7260444,274.01,5920.465,1
6025.186,1,6026.577,1788522060.930108,32,b01-o01-agx-c32,,8,False,252.669,llama3.2:1b,etri-ser0001-cg0msb,ACTIVE,5772.517,2bd184ab-4753-41a0-831d-d103d128701a,Edge computing reduces latency by processing data closer,agx,1,30.0,ok,agx,1788522054.9035316,281.859,5996.473,1
6020.027,1,6021.487,1788522061.1073887,32,b01-o01-agx-c32,,8,False,177.239,llama3.2:1b,etri-ser0001-cg0msb,ACTIVE,5842.788,ad361f9c-47f8-46c0-af19-03ffbbc8093d,Edge computing reduces latency by processing data closer,agx,1,30.0,ok,agx,1788522055.085903,279.975,5991.199,1
6036.117,1,6037.707,1788522061.3049777,32,b01-o01-agx-c32,,8,False,197.484,llama3.2:1b,etri-ser0001-cg0msb,ACTIVE,5838.634,bfd9350e-e1b1-4b3f-9a1b-c44f8b75140e,Edge computing reduces latency by processing data closer,agx,1,30.0,ok,agx,1788522055.2672718,281.601,6007.414,1
6051.919,1,6053.303,1788522061.4936883,32,b01-o01-agx-c32,,8,False,188.699,llama3.2:1b,etri-ser0001-cg0msb,ACTIVE,5863.221,451da3f1-0c23-4a86-8b32-1290d8369225,Edge computing reduces latency by processing data closer,agx,1,30.0,ok,agx,1788522055.440386,271.896,6022.363,1
6027.598,1,6029.296,1788522061.6880276,32,b01-o01-agx-c32,,8,False,194.099,llama3.2:1b,etri-ser0001-cg0msb,ACTIVE,5833.499,ea8e34fd-4343-4d43-8531-00c40a86e2d2,Edge computing reduces latency by processing data closer,agx,1,30.0,ok,agx,1788522055.6587334,282.316,5998.814,1
6053.171,1,6054.638,1788522061.8916125,32,b01-o01-agx-c32,,8,False,203.707,llama3.2:1b,etri-ser0001-cg0msb,ACTIVE,5849.464,cb8b09f4-a4ca-462f-bb5a-494b2a4410d8,Edge computing reduces latency by processing data closer,agx,1,30.0,ok,agx,1788522055.836976,281.324,6024.393,1
6059.867,1,6061.482,1788522062.0753658,32,b01-o01-agx-c32,,8,False,183.429,llama3.2:1b,etri-ser0001-cg0msb,ACTIVE,5876.438,9414bb17-9665-4f27-b284-f74f1a883d00,Edge computing reduces latency by processing data closer,agx,1,30.0,ok,agx,1788522056.013886,281.819,6031.1,1
6073.726,1,6075.246,1788522062.275503,32,b01-o01-agx-c32,,8,False,200.244,llama3.2:1b,etri-ser0001-cg0msb,ACTIVE,5873.482,b85a95de-c1fe-4b0d-85b6-ce3e4ca1cc8e,Edge computing reduces latency by processing data closer,agx,1,30.0,ok,agx,1788522056.200258,282.087,6045.184,1
6084.22,1,6085.756,1788522062.4711335,32,b01-o01-agx-c32,,8,False,195.351,llama3.2:1b,etri-ser0001-cg0msb,ACTIVE,5888.869,2f3bb944-9973-4295-8997-48eb93cd7405,Edge computing reduces latency by processing data closer,agx,1,30.0,ok,agx,1788522056.3853796,281.343,6055.355,1
6101.869,1,6103.672,1788522062.6595163,32,b01-o01-agx-c32,,8,False,188.358,llama3.2:1b,etri-ser0001-cg0msb,ACTIVE,5913.511,306eaabd-25eb-4d51-bf2b-ce59bc95461d,Edge computing reduces latency by processing data closer,agx,1,30.0,ok,agx,1788522056.5558467,280.181,6073.031,1
6113.236,1,6114.45,1788522062.841585,32,b01-o01-agx-c32,,8,False,182.13,llama3.2:1b,etri-ser0001-cg0msb,ACTIVE,5931.105,1e49ed4d-8332-4774-9936-aaa50d839d64,Edge computing reduces latency by processing data closer,agx,1,30.0,ok,agx,1788522056.727136,280.859,6084.339,1
6138.911,1,6140.105,1788522063.0387087,32,b01-o01-agx-c32,,8,False,197.074,llama3.2:1b,etri-ser0001-cg0msb,ACTIVE,5941.837,0df9693f-a139-4034-8efe-8a30374f76be,Edge computing reduces latency by processing data closer,agx,1,30.0,ok,agx,1788522056.898604,278.882,6109.865,1
6136.43,1,6137.894,1788522063.2304702,32,b01-o01-agx-c32,,8,False,191.602,llama3.2:1b,etri-ser0001-cg0msb,ACTIVE,5944.828,6dbcb007-0e8b-4ad4-9680-16ed7a25b6d6,Edge computing reduces latency by processing data closer,agx,1,30.0,ok,agx,1788522057.0925786,280.948,6107.562,1
6150.261,1,6151.57,1788522063.4254003,32,b01-o01-agx-c32,,8,False,195.043,llama3.2:1b,etri-ser0001-cg0msb,ACTIVE,5955.217,06c8a71e-3142-4bb7-887c-551bac0ddf98,Edge computing reduces latency by processing data closer,agx,1,30.0,ok,agx,1788522057.2738314,282.018,6121.355,1
6147.052,1,6148.313,1788522063.606942,32,b01-o01-agx-c32,,8,False,181.234,llama3.2:1b,etri-ser0001-cg0msb,ACTIVE,5965.817,c6e56faa-f44d-48a0-997c-7deb561bd000,Edge computing reduces latency by processing data closer,agx,1,30.0,ok,agx,1788522057.4586315,281.096,6118.292,1
6139.324,1,6141.037,1788522063.7999098,32,b01-o01-agx-c32,,8,False,192.675,llama3.2:1b,etri-ser0001-cg0msb,ACTIVE,5946.648,899f069d-428d-4047-a2fd-06dcc7b99eb2,Edge computing reduces latency by processing data closer,agx,1,30.0,ok,agx,1788522057.6588757,276.3,6110.134,1
6129.701,1,6131.099,1788522063.9905562,32,b01-o01-agx-c32,,8,False,190.805,llama3.2:1b,etri-ser0001-cg0msb,ACTIVE,5938.896,6713861c-1ec0-4031-b84c-f8202e0f1f71,Edge computing reduces latency by processing data closer,agx,1,30.0,ok,agx,1788522057.8594582,281.869,6101.019,1
6150.35,1,6152.051,1788522064.1840663,32,b01-o01-agx-c32,,8,False,193.198,llama3.2:1b,etri-ser0001-cg0msb,ACTIVE,5957.152,11866eb2-b6c8-416e-93b2-b0f5a9dc6ebc,Edge computing reduces latency by processing data closer,agx,1,30.0,ok,agx,1788522058.0320177,281.185,6121.44,1
6128.984,1,6130.382,1788522064.371607,32,b01-o01-agx-c32,,8,False,187.656,llama3.2:1b,etri-ser0001-cg0msb,ACTIVE,5941.328,5cb59d62-5d85-4c98-a805-c599d3f6f31f,Edge computing reduces latency by processing data closer,agx,1,30.0,ok,agx,1788522058.241226,280.919,6100.139,1
6140.787,1,6142.328,1788522064.571698,32,b01-o01-agx-c32,,8,False,199.779,llama3.2:1b,etri-ser0001-cg0msb,ACTIVE,5941.008,18437cc0-5380-44c0-9d5a-e421c5ecfff6,Edge computing reduces latency by processing data closer,agx,1,30.0,ok,agx,1788522058.429372,280.083,6111.825,1
6172.429,1,6174.034,1788522064.7848964,32,b01-o01-agx-c32,,8,False,213.126,llama3.2:1b,etri-ser0001-cg0msb,ACTIVE,5959.302,b13160bc-dd78-4a31-b5fd-3d82dd991a2a,Edge computing reduces latency by processing data closer,agx,1,30.0,ok,agx,1788522058.610864,260.095,6141.263,1
6168.604,1,6170.112,1788522064.9588382,32,b01-o01-agx-c32,,8,False,173.842,llama3.2:1b,etri-ser0001-cg0msb,ACTIVE,5994.762,7172db35-f9e6-44be-80b2-bbbf84fc6423,Edge computing reduces latency by processing data closer,agx,1,30.0,ok,agx,1788522058.7887282,282.137,6139.861,1
6156.15,1,6157.425,1788522065.1380687,32,b01-o01-agx-c32,,8,False,179.247,llama3.2:1b,etri-ser0001-cg0msb,ACTIVE,5976.904,ca7a4764-efca-45a9-abb5-e8d5cbca88a6,Edge computing reduces latency by processing data closer,agx,1,30.0,ok,agx,1788522058.9806461,280.928,6127.227,1
6193.329,1,6194.508,1788522065.3564658,32,b01-o01-agx-c32,,8,False,218.45,llama3.2:1b,etri-ser0001-cg0msb,ACTIVE,5974.879,e6af297f-214b-46f3-9dd3-a2a5df6cbcd2,Edge computing reduces latency by processing data closer,agx,1,30.0,ok,agx,1788522059.161959,279.691,6164.323,1
6200.601,1,6202.275,1788522065.5525987,32,b01-o01-agx-c32,,8,False,195.857,llama3.2:1b,etri-ser0001-cg0msb,ACTIVE,6004.745,e5036282-4f36-4de4-862b-90b882d24c5d,Edge computing reduces latency by processing data closer,agx,1,30.0,ok,agx,1788522059.3503256,282.187,6171.922,1
6206.749,1,6208.197,1788522065.7341847,32,b01-o01-agx-c32,,8,False,181.621,llama3.2:1b,etri-ser0001-cg0msb,ACTIVE,6025.129,36c70722-ab49-4338-8150-890f1dfc73e3,Edge computing reduces latency by processing data closer,agx,1,30.0,ok,agx,1788522059.5259883,280.289,6177.956,1
6202.83,1,6204.417,1788522065.9237523,32,b01-o01-agx-c32,,8,False,189.497,llama3.2:1b,etri-ser0001-cg0msb,ACTIVE,6013.332,bc73d950-ac38-4a22-87ef-e6ec60c36e51,Edge computing reduces latency by processing data closer,agx,1,30.0,ok,agx,1788522059.7193372,281.75,6174.196,1
6223.535,1,6225.11,1788522066.125436,32,b01-o01-agx-c32,,8,False,201.468,llama3.2:1b,etri-ser0001-cg0msb,ACTIVE,6022.067,cfa63880-8b2b-4ca2-a9cf-c13b48cde4c0,Edge computing reduces latency by processing data closer,agx,1,30.0,ok,agx,1788522059.9003274,279.466,6194.534,1
6222.663,1,6224.017,1788522066.310046,32,b01-o01-agx-c32,,8,False,184.576,llama3.2:1b,etri-ser0001-cg0msb,ACTIVE,6038.087,0cfb69d9-2ec3-401e-9ce8-7ee8a5953329,Edge computing reduces latency by processing data closer,agx,1,30.0,ok,agx,1788522060.0860312,273.823,6193.117,1
6217.839,1,6219.42,1788522066.4939115,32,b01-o01-agx-c32,,8,False,183.603,llama3.2:1b,etri-ser0001-cg0msb,ACTIVE,6034.236,e5cd2164-9e19-4a32-986e-c8e5d6f34953,Edge computing reduces latency by processing data closer,agx,1,30.0,ok,agx,1788522060.2744937,271.619,6188.114,1
6211.115,1,6212.49,1788522066.6777682,32,b01-o01-agx-c32,,8,False,184.021,llama3.2:1b,etri-ser0001-cg0msb,ACTIVE,6027.094,3fd80116-f95e-420d-855d-4943adbe0795,Edge computing reduces latency by processing data closer,agx,1,30.0,ok,agx,1788522060.4652793,278.853,6182.155,1
6191.511,1,6193.103,1788522066.8704677,32,b01-o01-agx-c32,,8,False,192.4,llama3.2:1b,etri-ser0001-cg0msb,ACTIVE,5999.111,61ea5a53-932a-45d3-88db-a1ec3094526c,Edge computing reduces latency by processing data closer,agx,1,30.0,ok,agx,1788522060.677367,281.116,6162.72,1
6114.531,1,6116.053,1788522067.0461788,32,b01-o01-agx-c32,,8,False,175.597,llama3.2:1b,etri-ser0001-cg0msb,ACTIVE,5938.934,8738422c-030b-4e9e-ba61-5b8577a7cd05,Edge computing reduces latency by processing data closer,agx,1,30.0,ok,agx,1788522060.9301276,279.847,6085.478,1
6131.379,1,6132.744,1788522067.2401514,32,b01-o01-agx-c32,,8,False,193.893,llama3.2:1b,etri-ser0001-cg0msb,ACTIVE,5937.486,d74ec648-73d7-4bbd-8daf-0aa7743bde25,Edge computing reduces latency by processing data closer,agx,1,30.0,ok,agx,1788522061.1074092,281.353,6102.698,1
6131.058,1,6132.475,1788522067.437476,32,b01-o01-agx-c32,,8,False,197.423,llama3.2:1b,etri-ser0001-cg0msb,ACTIVE,5933.635,e11ebee3-6aaa-4785-ac89-f359fbf394dc,Edge computing reduces latency by processing data closer,agx,1,30.0,ok,agx,1788522061.3050013,281.928,6102.498,1
6140.852,1,6142.291,1788522067.6359997,32,b01-o01-agx-c32,,8,False,198.261,llama3.2:1b,etri-ser0001-cg0msb,ACTIVE,5942.592,3468d0ef-61d9-4877-a344-38a411e0fe02,Edge computing reduces latency by processing data closer,agx,1,30.0,ok,agx,1788522061.4937093,281.879,6111.98,1
6121.387,1,6122.728,1788522067.8107853,32,b01-o01-agx-c32,,8,False,174.965,llama3.2:1b,etri-ser0001-cg0msb,ACTIVE,5946.422,5f3711dd-c73a-431e-a2d4-41d3586954f4,Edge computing reduces latency by processing data closer,agx,1,30.0,ok,agx,1788522061.6880577,276.683,6092.46,1
6103.473,1,6105.212,1788522067.9968536,32,b01-o01-agx-c32,,8,False,185.704,llama3.2:1b,etri-ser0001-cg0msb,ACTIVE,5917.77,3d36aa2c-d2d4-453b-abb6-95127119f982,Edge computing reduces latency by processing data closer,agx,1,30.0,ok,agx,1788522061.891644,275.843,6074.133,1
6109.012,1,6110.651,1788522068.1860452,32,b01-o01-agx-c32,,8,False,189.159,llama3.2:1b,etri-ser0001-cg0msb,ACTIVE,5919.853,898a5b37-7880-40b7-8bbd-44b517a4ff3d,Edge computing reduces latency by processing data closer,agx,1,30.0,ok,agx,1788522062.0753968,281.304,6080.162,1
6133.533,1,6134.724,1788522068.4102492,32,b01-o01-agx-c32,,8,False,224.307,llama3.2:1b,etri-ser0001-cg0msb,ACTIVE,5909.227,3a37777d-1eeb-40c6-9995-6cf0a5ade151,Edge computing reduces latency by processing data closer,agx,1,30.0,ok,agx,1788522062.275526,280.367,6104.591,1
6115.218,1,6116.662,1788522068.587826,32,b01-o01-agx-c32,,8,False,177.506,llama3.2:1b,etri-ser0001-cg0msb,ACTIVE,5937.712,36259483-48fb-4bf5-9469-4e98972ee8ee,Edge computing reduces latency by processing data closer,agx,1,30.0,ok,agx,1788522062.471165,281.938,6086.622,1
6098.238,1,6099.853,1788522068.759399,32,b01-o01-agx-c32,,8,False,171.416,llama3.2:1b,etri-ser0001-cg0msb,ACTIVE,5926.823,354fd3fe-c706-4db9-8e14-b263e03e79bf,Edge computing reduces latency by processing data closer,agx,1,30.0,ok,agx,1788522062.6595469,281.037,6069.575,1
6099.182,1,6100.349,1788522068.9419541,32,b01-o01-agx-c32,,8,False,182.445,llama3.2:1b,etri-ser0001-cg0msb,ACTIVE,5916.737,8e8dabdd-97ae-4e44-81ed-2864f329e63d,Edge computing reduces latency by processing data closer,agx,1,30.0,ok,agx,1788522062.8416061,280.416,6070.385,1
6089.229,1,6090.232,1788522069.1289608,32,b01-o01-agx-c32,,8,False,187.06,llama3.2:1b,etri-ser0001-cg0msb,ACTIVE,5902.169,8425bd19-e5b1-441a-a75a-2cb9c9151355,Edge computing reduces latency by processing data closer,agx,1,30.0,ok,agx,1788522063.0387297,277.489,6060.203,1
