actual_node,completed_timestamp,dispatched_timestamp,identity_verified,latency_ms,model_digest,phase,ready_observed_at,request_id,response,scheduled_offset,selected_node,status,timestamp,tokens_per_second,ttft_ms
etri-dev0001-jetorn,1788764843.417259,1788764843.0063758,True,423.6626625061035,baf6a787fdffd633537aa2eb51cfd54cb93ff08e28040095462bb63daf552878,평시,1788764842.6457093,1763e50ff634-0,Edge computing reduces latency by processing data closer,0.0,nano,ok,1788764842.9935966,30.238,104.91723583984376
etri-dev0001-jetorn,1788764844.3439176,1788764844.0483375,True,350.3222465515137,baf6a787fdffd633537aa2eb51cfd54cb93ff08e28040095462bb63daf552878,평시,1788764843.7123966,1763e50ff634-1,Edge computing reduces latency by processing data closer,1.0,nano,ok,1788764843.9935966,39.274,136.19490576171876
etri-dev0001-jetorn,1788764845.2843935,1788764845.0021527,True,290.79747200012207,baf6a787fdffd633537aa2eb51cfd54cb93ff08e28040095462bb63daf552878,평시,1788764844.7752743,1763e50ff634-2,Edge computing reduces latency by processing data closer,2.0,nano,ok,1788764844.9935966,39.114,78.38112754821778
etri-dev0001-jetorn,1788764846.330807,1788764846.0561006,True,337.21065521240234,baf6a787fdffd633537aa2eb51cfd54cb93ff08e28040095462bb63daf552878,평시,1788764845.8260078,1763e50ff634-3,Edge computing reduces latency by processing data closer,3.0,nano,ok,1788764845.9935966,39.261,121.83805311584473
etri-dev0001-jetorn,1788764847.2958906,1788764847.0094206,True,302.2949695587158,baf6a787fdffd633537aa2eb51cfd54cb93ff08e28040095462bb63daf552878,평시,1788764846.8770783,1763e50ff634-4,Edge computing reduces latency by processing data closer,4.0,nano,ok,1788764846.9935966,38.711,83.61707951354981
etri-dev0001-jetorn,1788764848.2799754,1788764847.9957857,True,286.3795757293701,baf6a787fdffd633537aa2eb51cfd54cb93ff08e28040095462bb63daf552878,평시,1788764847.9272678,1763e50ff634-5,Edge computing reduces latency by processing data closer,5.0,nano,ok,1788764847.9935966,38.955,68.52515939331055
etri-dev0001-jetorn,1788764849.2807035,1788764848.9976575,True,287.1072292327881,baf6a787fdffd633537aa2eb51cfd54cb93ff08e28040095462bb63daf552878,평시,1788764848.9792807,1763e50ff634-6,Edge computing reduces latency by processing data closer,6.0,nano,ok,1788764848.9935966,39.153,71.47598365783692
etri-dev0001-jetorn,1788764850.346883,1788764850.0699055,True,353.2872200012207,baf6a787fdffd633537aa2eb51cfd54cb93ff08e28040095462bb63daf552878,평시,1788764849.5072114,1763e50ff634-7,Edge computing reduces latency by processing data closer,7.0,nano,ok,1788764849.9935966,39.192,138.1879656829834
etri-dev0001-jetorn,1788764851.322066,1788764851.0356126,True,328.47023010253906,baf6a787fdffd633537aa2eb51cfd54cb93ff08e28040095462bb63daf552878,평시,1788764850.6248584,1763e50ff634-8,Edge computing reduces latency by processing data closer,8.0,nano,ok,1788764850.9935966,38.781,110.85402935791015
etri-dev0001-jetorn,1788764852.3084047,1788764852.0254736,True,314.80932235717773,baf6a787fdffd633537aa2eb51cfd54cb93ff08e28040095462bb63daf552878,평시,1788764851.678146,1763e50ff634-9,Edge computing reduces latency by processing data closer,9.0,nano,ok,1788764851.9935966,39.191,96.4740408630371
etri-dev0001-jetorn,1788764853.2823093,1788764853.0153294,True,288.7129783630371,baf6a787fdffd633537aa2eb51cfd54cb93ff08e28040095462bb63daf552878,부하 집중,1788764852.7379377,1763e50ff634-10,Edge computing reduces latency by processing data closer,10.0,nano,ok,1788764852.9935966,39.408,76.31780715942384
etri-dev0001-jetorn,1788764853.5272593,1788764853.0907102,True,450.3304958343506,baf6a787fdffd633537aa2eb51cfd54cb93ff08e28040095462bb63daf552878,부하 집중,1788764852.7379377,1763e50ff634-11,Edge computing reduces latency by processing data closer,10.083333333333334,nano,ok,1788764853.0769298,40.481,237.35435545349122
etri-dev0001-jetorn,1788764853.7400513,1788764853.1732984,True,579.7886848449707,baf6a787fdffd633537aa2eb51cfd54cb93ff08e28040095462bb63daf552878,부하 집중,1788764852.7379377,1763e50ff634-12,Edge computing reduces latency by processing data closer,10.166666666666666,nano,ok,1788764853.1602633,46.754,395.78405897521975
etri-dev0001-jetorn,1788764853.9354808,1788764853.2497046,True,691.8849945068359,baf6a787fdffd633537aa2eb51cfd54cb93ff08e28040095462bb63daf552878,부하 집중,1788764852.7379377,1763e50ff634-13,Edge computing reduces latency by processing data closer,10.25,nano,ok,1788764853.2435966,49.659,515.583045578003
etri-dev0001-jetorn,1788764854.1302166,1788764853.3411324,True,803.2872676849365,baf6a787fdffd633537aa2eb51cfd54cb93ff08e28040095462bb63daf552878,부하 집중,1788764853.2887645,1763e50ff634-14,Edge computing reduces latency by processing data closer,10.333333333333334,nano,ok,1788764853.3269298,49.692,632.97759475708
etri-dev0001-jetorn,1788764854.3275511,1788764853.4165602,True,917.2885417938232,baf6a787fdffd633537aa2eb51cfd54cb93ff08e28040095462bb63daf552878,부하 집중,1788764853.2887645,1763e50ff634-15,Edge computing reduces latency by processing data closer,10.416666666666666,nano,ok,1788764853.4102633,49.643,746.8218730926513
etri-dev0001-jetorn,1788764854.5258515,1788764853.517632,True,1032.2558879852295,baf6a787fdffd633537aa2eb51cfd54cb93ff08e28040095462bb63daf552878,부하 집중,1788764853.2887645,1763e50ff634-16,Edge computing reduces latency by processing data closer,10.5,nano,ok,1788764853.4935966,49.676,861.5774537963867
etri-dev0001-jetorn,1788764854.7210011,1788764853.5934944,True,1144.071340560913,baf6a787fdffd633537aa2eb51cfd54cb93ff08e28040095462bb63daf552878,부하 집중,1788764853.2887645,1763e50ff634-17,Edge computing reduces latency by processing data closer,10.583333333333334,nano,ok,1788764853.5769298,49.68,972.0516076202392
etri-dev0001-jetorn,1788764854.91743,1788764853.668882,True,1257.166862487793,baf6a787fdffd633537aa2eb51cfd54cb93ff08e28040095462bb63daf552878,부하 집중,1788764853.2887645,1763e50ff634-18,Edge computing reduces latency by processing data closer,10.666666666666666,nano,ok,1788764853.6602633,49.729,1084.5005932159424
etri-dev0001-jetorn,1788764855.113639,1788764853.7454858,True,1370.0430393218994,baf6a787fdffd633537aa2eb51cfd54cb93ff08e28040095462bb63daf552878,부하 집중,1788764853.2887645,1763e50ff634-19,Edge computing reduces latency by processing data closer,10.75,nano,ok,1788764853.7435966,49.578,1199.4682288208007
etri-dev0001-jetorn,1788764855.31646,1788764853.8454792,True,1489.530086517334,baf6a787fdffd633537aa2eb51cfd54cb93ff08e28040095462bb63daf552878,부하 집중,1788764853.821839,1763e50ff634-20,Edge computing reduces latency by processing data closer,10.833333333333334,nano,ok,1788764853.8269298,49.599,1311.5834422912599
etri-dev0001-jetorn,1788764855.508187,1788764853.9221601,True,1597.9256629943848,baf6a787fdffd633537aa2eb51cfd54cb93ff08e28040095462bb63daf552878,부하 집중,1788764853.821839,1763e50ff634-21,Edge computing reduces latency by processing data closer,10.916666666666666,nano,ok,1788764853.9102633,49.797,1425.3028486785888
etri-dev0001-jetorn,1788764855.7048893,1788764853.998747,True,1711.2936973571777,baf6a787fdffd633537aa2eb51cfd54cb93ff08e28040095462bb63daf552878,부하 집중,1788764853.821839,1763e50ff634-22,Edge computing reduces latency by processing data closer,11.0,nano,ok,1788764853.9935966,49.649,1539.270556564331
etri-dev0001-jetorn,1788764855.9010606,1788764854.097083,True,1824.131965637207,baf6a787fdffd633537aa2eb51cfd54cb93ff08e28040095462bb63daf552878,부하 집중,1788764853.821839,1763e50ff634-23,Edge computing reduces latency by processing data closer,11.083333333333334,nano,ok,1788764854.0769298,49.847,1648.411284072876
etri-dev0001-jetorn,1788764856.0979054,1788764854.1729717,True,1937.6423358917236,baf6a787fdffd633537aa2eb51cfd54cb93ff08e28040095462bb63daf552878,부하 집중,1788764853.821839,1763e50ff634-24,Edge computing reduces latency by processing data closer,11.166666666666666,nano,ok,1788764854.1602633,49.633,1766.1994255218506
etri-dev0001-jetorn,1788764856.2953737,1788764854.276859,True,2051.7780780792236,baf6a787fdffd633537aa2eb51cfd54cb93ff08e28040095462bb63daf552878,부하 집중,1788764853.821839,1763e50ff634-25,Edge computing reduces latency by processing data closer,11.25,nano,ok,1788764854.2435966,49.432,1879.6114912261962
etri-dev0001-jetorn,1788764856.4931765,1788764854.3391705,True,2166.247606277466,baf6a787fdffd633537aa2eb51cfd54cb93ff08e28040095462bb63daf552878,부하 집중,1788764853.821839,1763e50ff634-26,Edge computing reduces latency by processing data closer,11.333333333333334,nano,ok,1788764854.3269298,49.447,1993.6766482696532
etri-dev0001-jetorn,1788764856.6889133,1788764854.4146087,True,2278.6505222320557,baf6a787fdffd633537aa2eb51cfd54cb93ff08e28040095462bb63daf552878,부하 집중,1788764854.3533561,1763e50ff634-27,Edge computing reduces latency by processing data closer,11.416666666666666,nano,ok,1788764854.4102633,49.95,2107.5294170227053
etri-dev0001-jetorn,1788764856.885371,1788764854.5163178,True,2391.774892807007,baf6a787fdffd633537aa2eb51cfd54cb93ff08e28040095462bb63daf552878,부하 집중,1788764854.3533561,1763e50ff634-28,Edge computing reduces latency by processing data closer,11.5,nano,ok,1788764854.4935966,49.838,2219.561290588379
etri-dev0001-jetorn,1788764857.0817118,1788764854.5929155,True,2504.7824382781982,baf6a787fdffd633537aa2eb51cfd54cb93ff08e28040095462bb63daf552878,부하 집중,1788764854.3533561,1763e50ff634-29,Edge computing reduces latency by processing data closer,11.583333333333334,nano,ok,1788764854.5769298,49.693,2333.4137273101805
etri-dev0001-jetorn,1788764857.2789073,1788764854.6685479,True,2618.6442375183105,baf6a787fdffd633537aa2eb51cfd54cb93ff08e28040095462bb63daf552878,부하 집중,1788764854.3533561,1763e50ff634-30,Edge computing reduces latency by processing data closer,11.666666666666666,nano,ok,1788764854.6602633,49.642,2442.601568786621
etri-dev0001-jetorn,1788764857.4954154,1788764854.7445593,True,2751.819372177124,baf6a787fdffd633537aa2eb51cfd54cb93ff08e28040095462bb63daf552878,부하 집중,1788764854.3533561,1763e50ff634-31,Edge computing reduces latency by processing data closer,11.75,nano,ok,1788764854.7435966,49.858,2562.324734222412
etri-dev0001-jetorn,1788764857.6751463,1788764854.8388326,True,2848.217487335205,baf6a787fdffd633537aa2eb51cfd54cb93ff08e28040095462bb63daf552878,부하 집중,1788764854.3533561,1763e50ff634-32,Edge computing reduces latency by processing data closer,11.833333333333334,nano,ok,1788764854.8269298,49.654,2677.8248091430664
etri-dev0001-jetorn,1788764857.8712547,1788764854.9143991,True,2960.9925746917725,baf6a787fdffd633537aa2eb51cfd54cb93ff08e28040095462bb63daf552878,부하 집중,1788764854.8744032,1763e50ff634-33,Edge computing reduces latency by processing data closer,11.916666666666666,nano,ok,1788764854.9102633,49.5,2788.7538470916747
etri-dev0001-jetorn,1788764858.0671039,1788764855.0150585,True,3073.50754737854,baf6a787fdffd633537aa2eb51cfd54cb93ff08e28040095462bb63daf552878,부하 집중,1788764854.8744032,1763e50ff634-34,Edge computing reduces latency by processing data closer,12.0,nano,ok,1788764854.9935966,49.515,2902.0359636535645
etri-dev0001-jetorn,1788764858.264738,1788764855.1154313,True,3187.8089904785156,baf6a787fdffd633537aa2eb51cfd54cb93ff08e28040095462bb63daf552878,부하 집중,1788764854.8744032,1763e50ff634-35,Edge computing reduces latency by processing data closer,12.083333333333334,nano,ok,1788764855.0769298,49.692,3021.021501083374
etri-dev0001-jetorn,1788764858.4621913,1788764855.3286648,True,3301.9285202026367,baf6a787fdffd633537aa2eb51cfd54cb93ff08e28040095462bb63daf552878,부하 집중,1788764854.8744032,1763e50ff634-36,Edge computing reduces latency by processing data closer,12.166666666666666,nano,ok,1788764855.1602633,49.695,3130.0884797210692
etri-dev0001-jetorn,1788764858.6583734,1788764855.5212045,True,3414.7772789001465,baf6a787fdffd633537aa2eb51cfd54cb93ff08e28040095462bb63daf552878,부하 집중,1788764855.4030228,1763e50ff634-37,Edge computing reduces latency by processing data closer,12.25,nano,ok,1788764855.2435966,49.483,3243.3059177856444
etri-dev0001-jetorn,1788764858.8550575,1788764855.722295,True,3528.1286239624023,baf6a787fdffd633537aa2eb51cfd54cb93ff08e28040095462bb63daf552878,부하 집중,1788764855.4030228,1763e50ff634-38,Edge computing reduces latency by processing data closer,12.333333333333334,nano,ok,1788764855.3269298,49.773,3358.0262381896973
etri-dev0001-jetorn,1788764859.0510347,1788764855.9012551,True,3640.772581100464,baf6a787fdffd633537aa2eb51cfd54cb93ff08e28040095462bb63daf552878,부하 집중,1788764855.4030228,1763e50ff634-39,Edge computing reduces latency by processing data closer,12.416666666666666,nano,ok,1788764855.4102633,49.749,3455.0158308258056
etri-dev0001-jetorn,1788764859.2478697,1788764856.0990193,True,3754.2731761932373,baf6a787fdffd633537aa2eb51cfd54cb93ff08e28040095462bb63daf552878,부하 집중,1788764855.935254,1763e50ff634-40,Edge computing reduces latency by processing data closer,12.5,nano,ok,1788764855.4935966,49.362,3581.4087352142333
etri-dev0001-jetorn,1788764859.4478555,1788764856.300506,True,3870.92661857605,baf6a787fdffd633537aa2eb51cfd54cb93ff08e28040095462bb63daf552878,부하 집중,1788764855.935254,1763e50ff634-41,Edge computing reduces latency by processing data closer,12.583333333333334,nano,ok,1788764855.5769298,49.301,3689.552307296753
etri-dev0001-jetorn,1788764859.671809,1788764856.5167336,True,4011.5456581115723,baf6a787fdffd633537aa2eb51cfd54cb93ff08e28040095462bb63daf552878,부하 집중,1788764856.4563906,1763e50ff634-42,Edge computing reduces latency by processing data closer,12.666666666666666,nano,ok,1788764855.6602633,49.291,3813.346346450806
etri-dev0001-jetorn,1788764859.8431263,1788764856.6930425,True,4099.530458450317,baf6a787fdffd633537aa2eb51cfd54cb93ff08e28040095462bb63daf552878,부하 집중,1788764856.4563906,1763e50ff634-43,Edge computing reduces latency by processing data closer,12.75,nano,ok,1788764855.7435966,49.544,3930.0009629058836
etri-dev0001-jetorn,1788764860.0529504,1788764856.8914123,True,4226.020574569702,baf6a787fdffd633537aa2eb51cfd54cb93ff08e28040095462bb63daf552878,부하 집중,1788764856.4563906,1763e50ff634-44,Edge computing reduces latency by processing data closer,12.833333333333334,nano,ok,1788764855.8269298,49.657,4041.8124504852294
etri-dev0001-jetorn,1788764860.2375505,1788764857.0926836,True,4327.2881507873535,baf6a787fdffd633537aa2eb51cfd54cb93ff08e28040095462bb63daf552878,부하 집중,1788764856.987651,1763e50ff634-45,Edge computing reduces latency by processing data closer,12.916666666666666,nano,ok,1788764855.9102633,49.411,4155.744253753663
etri-dev0001-jetorn,1788764860.4347217,1788764857.2936592,True,4441.126108169556,baf6a787fdffd633537aa2eb51cfd54cb93ff08e28040095462bb63daf552878,부하 집중,1788764856.987651,1763e50ff634-46,Edge computing reduces latency by processing data closer,13.0,nano,ok,1788764855.9935966,49.368,4267.305656402588
etri-dev0001-jetorn,1788764860.6345332,1788764857.507857,True,4557.60383605957,baf6a787fdffd633537aa2eb51cfd54cb93ff08e28040095462bb63daf552878,부하 집중,1788764856.987651,1763e50ff634-47,Edge computing reduces latency by processing data closer,13.083333333333334,nano,ok,1788764856.0769298,49.001,4379.2632766113275
etri-dev0001-jetorn,1788764860.8311558,1788764857.6840842,True,4670.89319229126,baf6a787fdffd633537aa2eb51cfd54cb93ff08e28040095462bb63daf552878,부하 집중,1788764857.5329235,1763e50ff634-48,Edge computing reduces latency by processing data closer,13.166666666666666,nano,ok,1788764856.1602633,49.459,4510.925877075195
etri-dev0001-jetorn,1788764861.0275207,1788764857.8858342,True,4783.92481803894,baf6a787fdffd633537aa2eb51cfd54cb93ff08e28040095462bb63daf552878,부하 집중,1788764857.5329235,1763e50ff634-49,Edge computing reduces latency by processing data closer,13.25,nano,ok,1788764856.2435966,49.588,4603.9546632690435
etri-dev0001-jetorn,1788764861.224115,1788764858.0774944,True,4897.185325622559,baf6a787fdffd633537aa2eb51cfd54cb93ff08e28040095462bb63daf552878,부하 집중,1788764857.5329235,1763e50ff634-50,Edge computing reduces latency by processing data closer,13.333333333333334,nano,ok,1788764856.3269298,49.459,4721.105575195313
etri-dev0001-jetorn,1788764861.420014,1788764858.2790277,True,5009.751319885254,baf6a787fdffd633537aa2eb51cfd54cb93ff08e28040095462bb63daf552878,부하 집중,1788764858.0858219,1763e50ff634-51,Edge computing reduces latency by processing data closer,13.416666666666666,nano,ok,1788764856.4102633,49.718,4837.972400482178
etri-dev0001-jetorn,1788764861.61617,1788764858.476407,True,5122.5745677948,baf6a787fdffd633537aa2eb51cfd54cb93ff08e28040095462bb63daf552878,부하 집중,1788764858.0858219,1763e50ff634-52,Edge computing reduces latency by processing data closer,13.5,nano,ok,1788764856.4935966,49.702,4950.742497283935
etri-dev0001-jetorn,1788764861.8214507,1788764858.6702478,True,5244.521141052246,baf6a787fdffd633537aa2eb51cfd54cb93ff08e28040095462bb63daf552878,부하 집중,1788764858.6248584,1763e50ff634-53,Edge computing reduces latency by processing data closer,13.583333333333334,nano,ok,1788764856.5769298,49.769,5064.061985534669
etri-dev0001-jetorn,1788764862.0205727,1788764858.8713229,True,5360.309600830078,baf6a787fdffd633537aa2eb51cfd54cb93ff08e28040095462bb63daf552878,부하 집중,1788764858.6248584,1763e50ff634-54,Edge computing reduces latency by processing data closer,13.666666666666666,nano,ok,1788764856.6602633,49.653,5176.0425703125
etri-dev0001-jetorn,1788764862.2076151,1788764859.074709,True,5464.020013809204,baf6a787fdffd633537aa2eb51cfd54cb93ff08e28040095462bb63daf552878,부하 집중,1788764858.6248584,1763e50ff634-55,Edge computing reduces latency by processing data closer,13.75,nano,ok,1788764856.7435966,49.604,5292.949384796142
etri-dev0001-jetorn,1788764862.4032419,1788764859.2509613,True,5576.312780380249,baf6a787fdffd633537aa2eb51cfd54cb93ff08e28040095462bb63daf552878,부하 집중,1788764859.1475446,1763e50ff634-56,Edge computing reduces latency by processing data closer,13.833333333333334,nano,ok,1788764856.8269298,49.614,5405.498496047974
etri-dev0001-jetorn,1788764862.6006267,1788764859.4855618,True,5690.363883972168,baf6a787fdffd633537aa2eb51cfd54cb93ff08e28040095462bb63daf552878,부하 집중,1788764859.1475446,1763e50ff634-57,Edge computing reduces latency by processing data closer,13.916666666666666,nano,ok,1788764856.9102633,49.074,5518.06354774475
etri-dev0001-jetorn,1788764862.7978125,1788764859.6733036,True,5804.216623306274,baf6a787fdffd633537aa2eb51cfd54cb93ff08e28040095462bb63daf552878,부하 집중,1788764859.1475446,1763e50ff634-58,Edge computing reduces latency by processing data closer,14.0,nano,ok,1788764856.9935966,49.516,5623.899050323486
etri-dev0001-jetorn,1788764862.9945252,1788764859.849274,True,5917.595624923706,baf6a787fdffd633537aa2eb51cfd54cb93ff08e28040095462bb63daf552878,부하 집중,1788764859.6979232,1763e50ff634-59,Edge computing reduces latency by processing data closer,14.083333333333332,nano,ok,1788764857.0769298,49.6,5743.01411239624
etri-dev0001-jetorn,1788764863.1918838,1788764860.0779858,True,6031.620740890503,baf6a787fdffd633537aa2eb51cfd54cb93ff08e28040095462bb63daf552878,부하 집중,1788764859.6979232,1763e50ff634-60,Edge computing reduces latency by processing data closer,14.166666666666668,nano,ok,1788764857.1602633,49.509,5856.933463607787
etri-dev0001-jetorn,1788764863.3895028,1788764860.2540119,True,6145.906686782837,baf6a787fdffd633537aa2eb51cfd54cb93ff08e28040095462bb63daf552878,부하 집중,1788764860.2221224,1763e50ff634-61,Edge computing reduces latency by processing data closer,14.25,nano,ok,1788764857.2435966,49.684,5974.145315628051
etri-dev0001-jetorn,1788764863.587189,1788764860.4551826,True,6260.2598667144775,baf6a787fdffd633537aa2eb51cfd54cb93ff08e28040095462bb63daf552878,부하 집중,1788764860.2221224,1763e50ff634-62,Edge computing reduces latency by processing data closer,14.333333333333332,nano,ok,1788764857.3269298,49.467,6078.710744674683
etri-dev0001-jetorn,1788764863.7824786,1788764860.658139,True,6372.215986251831,baf6a787fdffd633537aa2eb51cfd54cb93ff08e28040095462bb63daf552878,부하 집중,1788764860.2221224,1763e50ff634-63,Edge computing reduces latency by processing data closer,14.416666666666668,nano,ok,1788764857.4102633,49.71,6201.159690460205
etri-dev0001-jetorn,1788764864.0053453,1788764860.8334756,True,6511.749029159546,baf6a787fdffd633537aa2eb51cfd54cb93ff08e28040095462bb63daf552878,부하 집중,1788764860.781896,1763e50ff634-64,Edge computing reduces latency by processing data closer,14.5,nano,ok,1788764857.4935966,49.572,6319.429035949707
etri-dev0001-jetorn,1788764864.1766045,1788764861.0420249,True,6599.675416946411,baf6a787fdffd633537aa2eb51cfd54cb93ff08e28040095462bb63daf552878,부하 집중,1788764860.781896,1763e50ff634-65,Edge computing reduces latency by processing data closer,14.583333333333332,nano,ok,1788764857.5769298,49.455,6426.207043182373
etri-dev0001-jetorn,1788764864.3732324,1788764861.2432353,True,6712.969779968262,baf6a787fdffd633537aa2eb51cfd54cb93ff08e28040095462bb63daf552878,부하 집중,1788764860.781896,1763e50ff634-66,Edge computing reduces latency by processing data closer,14.666666666666668,nano,ok,1788764857.6602633,49.666,6542.388049713135
etri-dev0001-jetorn,1788764864.5696905,1788764861.4444807,True,6826.094627380371,baf6a787fdffd633537aa2eb51cfd54cb93ff08e28040095462bb63daf552878,부하 집중,1788764861.3052824,1763e50ff634-67,Edge computing reduces latency by processing data closer,14.75,nano,ok,1788764857.7435966,49.617,6653.7861037750245
etri-dev0001-jetorn,1788764864.771477,1788764861.6270769,True,6944.547891616821,baf6a787fdffd633537aa2eb51cfd54cb93ff08e28040095462bb63daf552878,부하 집중,1788764861.3052824,1763e50ff634-68,Edge computing reduces latency by processing data closer,14.833333333333332,nano,ok,1788764857.8269298,49.539,6775.5650565795895
etri-dev0001-jetorn,1788764864.9666042,1788764861.8334615,True,7056.341648101807,baf6a787fdffd633537aa2eb51cfd54cb93ff08e28040095462bb63daf552878,부하 집중,1788764861.3052824,1763e50ff634-69,Edge computing reduces latency by processing data closer,14.916666666666668,nano,ok,1788764857.9102633,49.7,6889.258223114013
etri-dev0001-jetorn,1788764865.1608562,1788764862.0419524,True,7167.26016998291,baf6a787fdffd633537aa2eb51cfd54cb93ff08e28040095462bb63daf552878,부하 집중,1788764861.8486023,1763e50ff634-70,Edge computing reduces latency by processing data closer,15.0,nano,ok,1788764857.9935966,49.71,6996.7228177948
etri-dev0001-jetorn,1788764865.357796,1788764862.2180197,True,7280.867338180542,baf6a787fdffd633537aa2eb51cfd54cb93ff08e28040095462bb63daf552878,부하 집중,1788764861.8486023,1763e50ff634-71,Edge computing reduces latency by processing data closer,15.083333333333332,nano,ok,1788764858.0769298,49.43,7108.773916229248
etri-dev0001-jetorn,1788764865.5537612,1788764862.4190216,True,7393.498659133911,baf6a787fdffd633537aa2eb51cfd54cb93ff08e28040095462bb63daf552878,부하 집중,1788764862.3755503,1763e50ff634-72,Edge computing reduces latency by processing data closer,15.166666666666668,nano,ok,1788764858.1602633,49.678,7221.875306503296
etri-dev0001-jetorn,1788764865.751139,1788764862.6192074,True,7507.543087005615,baf6a787fdffd633537aa2eb51cfd54cb93ff08e28040095462bb63daf552878,부하 집중,1788764862.3755503,1763e50ff634-73,Edge computing reduces latency by processing data closer,15.25,nano,ok,1788764858.2435966,49.507,7335.518828399658
etri-dev0001-jetorn,1788764865.9503083,1788764862.8205118,True,7623.379230499268,baf6a787fdffd633537aa2eb51cfd54cb93ff08e28040095462bb63daf552878,부하 집중,1788764862.3755503,1763e50ff634-74,Edge computing reduces latency by processing data closer,15.333333333333332,nano,ok,1788764858.3269298,49.51,7451.417010269165
etri-dev0001-jetorn,1788764866.1488595,1788764863.007964,True,7738.5969161987305,baf6a787fdffd633537aa2eb51cfd54cb93ff08e28040095462bb63daf552878,부하 집중,1788764862.9558392,1763e50ff634-75,Edge computing reduces latency by processing data closer,15.416666666666668,nano,ok,1788764858.4102633,49.498,7563.405595855713
etri-dev0001-jetorn,1788764866.3454616,1788764863.209267,True,7851.866006851196,baf6a787fdffd633537aa2eb51cfd54cb93ff08e28040095462bb63daf552878,부하 집중,1788764862.9558392,1763e50ff634-76,Edge computing reduces latency by processing data closer,15.5,nano,ok,1788764858.4935966,49.81,7680.9223472137455
etri-dev0001-jetorn,1788764866.5442092,1788764863.4106662,True,7967.280387878418,baf6a787fdffd633537aa2eb51cfd54cb93ff08e28040095462bb63daf552878,부하 집중,1788764862.9558392,1763e50ff634-77,Edge computing reduces latency by processing data closer,15.583333333333332,nano,ok,1788764858.5769298,49.256,7793.867419677734
etri-dev0001-jetorn,1788764866.741557,1788764863.5992162,True,8081.294536590576,baf6a787fdffd633537aa2eb51cfd54cb93ff08e28040095462bb63daf552878,부하 집중,1788764863.4790158,1763e50ff634-78,Edge computing reduces latency by processing data closer,15.666666666666668,nano,ok,1788764858.6602633,49.728,7912.150922821045
etri-dev0001-jetorn,1788764866.9392116,1788764863.8006785,True,8195.615768432617,baf6a787fdffd633537aa2eb51cfd54cb93ff08e28040095462bb63daf552878,부하 집중,1788764863.4790158,1763e50ff634-79,Edge computing reduces latency by processing data closer,15.75,nano,ok,1788764858.7435966,49.472,8024.153937789917
etri-dev0001-jetorn,1788764867.1369843,1788764864.0276012,True,8310.055017471313,baf6a787fdffd633537aa2eb51cfd54cb93ff08e28040095462bb63daf552878,부하 집중,1788764863.4790158,1763e50ff634-80,Edge computing reduces latency by processing data closer,15.833333333333332,nano,ok,1788764858.8269298,49.591,8099.054434402466
etri-dev0001-jetorn,1788764867.333252,1788764864.1915293,True,8422.988653182983,baf6a787fdffd633537aa2eb51cfd54cb93ff08e28040095462bb63daf552878,부하 집중,1788764864.0701296,1763e50ff634-81,Edge computing reduces latency by processing data closer,15.916666666666668,nano,ok,1788764858.9102633,49.495,8252.2659740448
etri-dev0001-jetorn,1788764867.5291657,1788764864.3927598,True,8535.5703830719,baf6a787fdffd633537aa2eb51cfd54cb93ff08e28040095462bb63daf552878,부하 집중,1788764864.0701296,1763e50ff634-82,Edge computing reduces latency by processing data closer,16.0,nano,ok,1788764858.9935966,49.686,8364.339246154785
etri-dev0001-jetorn,1788764867.7276423,1788764864.5940583,True,8650.713443756104,baf6a787fdffd633537aa2eb51cfd54cb93ff08e28040095462bb63daf552878,부하 집중,1788764864.0701296,1763e50ff634-83,Edge computing reduces latency by processing data closer,16.083333333333332,nano,ok,1788764859.0769298,49.729,8464.426467559813
etri-dev0001-jetorn,1788764867.9251053,1788764864.7821035,True,8764.84489440918,baf6a787fdffd633537aa2eb51cfd54cb93ff08e28040095462bb63daf552878,부하 집중,1788764864.618643,1763e50ff634-84,Edge computing reduces latency by processing data closer,16.166666666666668,nano,ok,1788764859.1602633,49.74,8592.867238571167
etri-dev0001-jetorn,1788764868.1214168,1788764864.9834554,True,8877.82073020935,baf6a787fdffd633537aa2eb51cfd54cb93ff08e28040095462bb63daf552878,부하 집중,1788764864.618643,1763e50ff634-85,Edge computing reduces latency by processing data closer,16.25,nano,ok,1788764859.2435966,49.819,8703.869865737915
etri-dev0001-jetorn,1788764868.3177152,1788764865.178496,True,8990.786075592041,baf6a787fdffd633537aa2eb51cfd54cb93ff08e28040095462bb63daf552878,부하 집중,1788764865.1566925,1763e50ff634-86,Edge computing reduces latency by processing data closer,16.333333333333332,nano,ok,1788764859.3269298,49.895,8834.144076278686
etri-dev0001-jetorn,1788764868.5156999,1788764865.3794777,True,9105.437517166138,baf6a787fdffd633537aa2eb51cfd54cb93ff08e28040095462bb63daf552878,부하 집중,1788764865.1566925,1763e50ff634-87,Edge computing reduces latency by processing data closer,16.416666666666668,nano,ok,1788764859.4102633,49.392,8933.01443939209
etri-dev0001-jetorn,1788764868.7125206,1788764865.5553443,True,9218.92523765564,baf6a787fdffd633537aa2eb51cfd54cb93ff08e28040095462bb63daf552878,부하 집중,1788764865.1566925,1763e50ff634-88,Edge computing reduces latency by processing data closer,16.5,nano,ok,1788764859.4935966,49.796,9041.355789382935
etri-dev0001-jetorn,1788764868.9098082,1788764865.753394,True,9332.879304885864,baf6a787fdffd633537aa2eb51cfd54cb93ff08e28040095462bb63daf552878,부하 집중,1788764865.6870077,1763e50ff634-89,Edge computing reduces latency by processing data closer,16.583333333333332,nano,ok,1788764859.5769298,49.845,9161.116080810547
etri-dev0001-jetorn,1788764869.1067426,1788764865.954734,True,9446.479320526123,baf6a787fdffd633537aa2eb51cfd54cb93ff08e28040095462bb63daf552878,부하 집중,1788764865.6870077,1763e50ff634-90,Edge computing reduces latency by processing data closer,16.666666666666668,nano,ok,1788764859.6602633,49.769,9275.08778704834
etri-dev0001-jetorn,1788764869.3035645,1788764866.2073133,True,9559.9684715271,baf6a787fdffd633537aa2eb51cfd54cb93ff08e28040095462bb63daf552878,부하 집중,1788764865.6870077,1763e50ff634-91,Edge computing reduces latency by processing data closer,16.75,nano,ok,1788764859.7435966,49.632,9389.388745376587
etri-dev0001-jetorn,1788764869.500253,1788764866.3623495,True,9673.323392868042,baf6a787fdffd633537aa2eb51cfd54cb93ff08e28040095462bb63daf552878,부하 집중,1788764866.2334747,1763e50ff634-92,Edge computing reduces latency by processing data closer,16.833333333333332,nano,ok,1788764859.8269298,49.727,9502.363702529907
etri-dev0001-jetorn,1788764869.6970246,1788764866.5635855,True,9786.761999130249,baf6a787fdffd633537aa2eb51cfd54cb93ff08e28040095462bb63daf552878,부하 집중,1788764866.2334747,1763e50ff634-93,Edge computing reduces latency by processing data closer,16.916666666666668,nano,ok,1788764859.9102633,49.465,9614.641219848632
etri-dev0001-jetorn,1788764869.8936145,1788764866.7492115,True,9900.01916885376,baf6a787fdffd633537aa2eb51cfd54cb93ff08e28040095462bb63daf552878,부하 집중,1788764866.2334747,1763e50ff634-94,Edge computing reduces latency by processing data closer,17.0,nano,ok,1788764859.9935966,49.532,9727.704995956421
etri-dev0001-jetorn,1788764870.0887327,1788764866.950319,True,10011.802911758423,baf6a787fdffd633537aa2eb51cfd54cb93ff08e28040095462bb63daf552878,부하 집중,1788764866.7611144,1763e50ff634-95,Edge computing reduces latency by processing data closer,17.083333333333332,nano,ok,1788764860.0769298,49.739,9840.98424407959
etri-dev0001-jetorn,1788764870.2841794,1788764867.1514342,True,10123.916387557983,baf6a787fdffd633537aa2eb51cfd54cb93ff08e28040095462bb63daf552878,부하 집중,1788764866.7611144,1763e50ff634-96,Edge computing reduces latency by processing data closer,17.166666666666668,nano,ok,1788764860.1602633,49.757,9954.102883178712
etri-dev0001-jetorn,1788764870.4795594,1788764867.3362505,True,10235.963106155396,baf6a787fdffd633537aa2eb51cfd54cb93ff08e28040095462bb63daf552878,부하 집중,1788764867.3200386,1763e50ff634-97,Edge computing reduces latency by processing data closer,17.25,nano,ok,1788764860.2435966,49.756,10065.21098979187
etri-dev0001-jetorn,1788764870.6758986,1788764867.5376527,True,10348.96969795227,baf6a787fdffd633537aa2eb51cfd54cb93ff08e28040095462bb63daf552878,부하 집중,1788764867.3200386,1763e50ff634-98,Edge computing reduces latency by processing data closer,17.333333333333332,nano,ok,1788764860.3269298,49.673,10178.44192327881
etri-dev0001-jetorn,1788764870.8725038,1788764867.7678206,True,10462.241172790527,baf6a787fdffd633537aa2eb51cfd54cb93ff08e28040095462bb63daf552878,부하 집중,1788764867.3200386,1763e50ff634-99,Edge computing reduces latency by processing data closer,17.416666666666668,nano,ok,1788764860.4102633,49.627,10290.62829675293
etri-dev0001-jetorn,1788764871.0686328,1788764867.9438815,True,10575.036764144897,baf6a787fdffd633537aa2eb51cfd54cb93ff08e28040095462bb63daf552878,부하 집중,1788764867.8477993,1763e50ff634-100,Edge computing reduces latency by processing data closer,17.5,nano,ok,1788764860.4935966,49.605,10403.851957885741
etri-dev0001-jetorn,1788764871.265811,1788764868.1424809,True,10688.881397247314,baf6a787fdffd633537aa2eb51cfd54cb93ff08e28040095462bb63daf552878,부하 집중,1788764867.8477993,1763e50ff634-101,Edge computing reduces latency by processing data closer,17.583333333333332,nano,ok,1788764860.5769298,49.528,10517.020042556764
etri-dev0001-jetorn,1788764871.4631324,1788764868.3215632,True,10802.870035171509,baf6a787fdffd633537aa2eb51cfd54cb93ff08e28040095462bb63daf552878,부하 집중,1788764867.8477993,1763e50ff634-102,Edge computing reduces latency by processing data closer,17.666666666666668,nano,ok,1788764860.6602633,49.786,10631.58194392395
etri-dev0001-jetorn,1788764871.6588228,1788764868.5187695,True,10915.226459503174,baf6a787fdffd633537aa2eb51cfd54cb93ff08e28040095462bb63daf552878,부하 집중,1788764868.4060404,1763e50ff634-103,Edge computing reduces latency by processing data closer,17.75,nano,ok,1788764860.7435966,49.288,10748.95094883728
etri-dev0001-jetorn,1788764871.8556635,1788764868.720077,True,11028.73420715332,baf6a787fdffd633537aa2eb51cfd54cb93ff08e28040095462bb63daf552878,부하 집중,1788764868.4060404,1763e50ff634-104,Edge computing reduces latency by processing data closer,17.833333333333332,nano,ok,1788764860.8269298,49.749,10843.147230148315
etri-dev0001-jetorn,1788764872.0568182,1788764868.9300895,True,11146.555185317993,baf6a787fdffd633537aa2eb51cfd54cb93ff08e28040095462bb63daf552878,부하 집중,1788764868.4060404,1763e50ff634-105,Edge computing reduces latency by processing data closer,17.916666666666668,nano,ok,1788764860.9102633,49.641,10969.942173782349
etri-dev0001-jetorn,1788764872.2488067,1788764869.1309419,True,11255.210161209106,baf6a787fdffd633537aa2eb51cfd54cb93ff08e28040095462bb63daf552878,부하 집중,1788764868.943476,1763e50ff634-106,Edge computing reduces latency by processing data closer,18.0,nano,ok,1788764860.9935966,49.533,11085.504314025879
etri-dev0001-jetorn,1788764872.4463856,1788764869.3107028,True,11369.45652961731,baf6a787fdffd633537aa2eb51cfd54cb93ff08e28040095462bb63daf552878,부하 집중,1788764868.943476,1763e50ff634-107,Edge computing reduces latency by processing data closer,18.083333333333336,nano,ok,1788764861.0769298,49.076,11190.345993087769
etri-dev0001-jetorn,1788764872.6423254,1788764869.5206752,True,11482.063055038452,baf6a787fdffd633537aa2eb51cfd54cb93ff08e28040095462bb63daf552878,부하 집중,1788764869.5006833,1763e50ff634-108,Edge computing reduces latency by processing data closer,18.166666666666664,nano,ok,1788764861.1602633,49.789,11311.130882400514
etri-dev0001-jetorn,1788764872.8395743,1788764869.722017,True,11595.978260040283,baf6a787fdffd633537aa2eb51cfd54cb93ff08e28040095462bb63daf552878,부하 집중,1788764869.5006833,1763e50ff634-109,Edge computing reduces latency by processing data closer,18.25,nano,ok,1788764861.2435966,49.621,11423.634495986938
etri-dev0001-jetorn,1788764873.0360415,1788764869.9018333,True,11709.112167358398,baf6a787fdffd633537aa2eb51cfd54cb93ff08e28040095462bb63daf552878,부하 집중,1788764869.5006833,1763e50ff634-110,Edge computing reduces latency by processing data closer,18.333333333333336,nano,ok,1788764861.3269298,49.692,11542.07948815918
etri-dev0001-jetorn,1788764873.2337418,1788764870.113158,True,11823.478698730469,baf6a787fdffd633537aa2eb51cfd54cb93ff08e28040095462bb63daf552878,부하 집중,1788764870.0802596,1763e50ff634-111,Edge computing reduces latency by processing data closer,18.416666666666664,nano,ok,1788764861.4102633,49.446,11651.082687652588
etri-dev0001-jetorn,1788764873.4318278,1788764870.3109312,True,11938.231945037842,baf6a787fdffd633537aa2eb51cfd54cb93ff08e28040095462bb63daf552878,부하 집중,1788764870.0802596,1763e50ff634-112,Edge computing reduces latency by processing data closer,18.5,nano,ok,1788764861.4935966,49.48,11779.354651947022
etri-dev0001-jetorn,1788764873.6278698,1788764870.4864776,True,12050.940752029419,baf6a787fdffd633537aa2eb51cfd54cb93ff08e28040095462bb63daf552878,부하 집중,1788764870.0802596,1763e50ff634-113,Edge computing reduces latency by processing data closer,18.583333333333336,nano,ok,1788764861.5769298,49.821,11880.326805786133
etri-dev0001-jetorn,1788764873.8255231,1788764870.6896114,True,12165.260076522827,baf6a787fdffd633537aa2eb51cfd54cb93ff08e28040095462bb63daf552878,부하 집중,1788764870.6058476,1763e50ff634-114,Edge computing reduces latency by processing data closer,18.666666666666664,nano,ok,1788764861.6602633,49.249,11996.708134994507
etri-dev0001-jetorn,1788764874.0374172,1788764870.8756337,True,12293.820858001709,baf6a787fdffd633537aa2eb51cfd54cb93ff08e28040095462bb63daf552878,부하 집중,1788764870.6058476,1763e50ff634-115,Edge computing reduces latency by processing data closer,18.75,nano,ok,1788764861.7435966,49.774,12109.053162780761
etri-dev0001-jetorn,1788764874.2202318,1788764871.0767472,True,12393.30267906189,baf6a787fdffd633537aa2eb51cfd54cb93ff08e28040095462bb63daf552878,부하 집중,1788764870.6058476,1763e50ff634-116,Edge computing reduces latency by processing data closer,18.833333333333336,nano,ok,1788764861.8269298,49.323,12220.976371368408
etri-dev0001-jetorn,1788764874.4174774,1788764871.2778666,True,12507.214784622192,baf6a787fdffd633537aa2eb51cfd54cb93ff08e28040095462bb63daf552878,부하 집중,1788764871.1268258,1763e50ff634-117,Edge computing reduces latency by processing data closer,18.916666666666664,nano,ok,1788764861.9102633,49.731,12326.633302001954
etri-dev0001-jetorn,1788764874.6141632,1788764871.4827957,True,12620.567560195923,baf6a787fdffd633537aa2eb51cfd54cb93ff08e28040095462bb63daf552878,부하 집중,1788764871.1268258,1763e50ff634-118,Edge computing reduces latency by processing data closer,19.0,nano,ok,1788764861.9935966,49.733,12451.48016152954
etri-dev0001-jetorn,1788764874.811583,1788764871.6610632,True,12734.653949737549,baf6a787fdffd633537aa2eb51cfd54cb93ff08e28040095462bb63daf552878,부하 집중,1788764871.6609926,1763e50ff634-119,Edge computing reduces latency by processing data closer,19.083333333333336,nano,ok,1788764862.0769298,49.354,12558.076386611938
etri-dev0001-jetorn,1788764875.009021,1788764871.8739078,True,12848.758459091187,baf6a787fdffd633537aa2eb51cfd54cb93ff08e28040095462bb63daf552878,부하 집중,1788764871.6609926,1763e50ff634-120,Edge computing reduces latency by processing data closer,19.166666666666664,nano,ok,1788764862.1602633,49.546,12677.21650454712
etri-dev0001-jetorn,1788764875.2063181,1788764872.0818737,True,12962.721824645996,baf6a787fdffd633537aa2eb51cfd54cb93ff08e28040095462bb63daf552878,부하 집중,1788764871.6609926,1763e50ff634-121,Edge computing reduces latency by processing data closer,19.25,nano,ok,1788764862.2435966,49.506,12790.342101516724
etri-dev0001-jetorn,1788764875.4139202,1788764872.2576396,True,13086.99107170105,baf6a787fdffd633537aa2eb51cfd54cb93ff08e28040095462bb63daf552878,부하 집중,1788764872.1971724,1763e50ff634-122,Edge computing reduces latency by processing data closer,19.333333333333336,nano,ok,1788764862.3269298,49.472,12907.747838867188
etri-dev0001-jetorn,1788764875.6027617,1788764872.4622014,True,13192.499160766602,baf6a787fdffd633537aa2eb51cfd54cb93ff08e28040095462bb63daf552878,부하 집중,1788764872.1971724,1763e50ff634-123,Edge computing reduces latency by processing data closer,19.416666666666664,nano,ok,1788764862.4102633,49.352,13023.4290569458
etri-ser0002-cgnmsb,1788764875.6690516,1788764874.9599886,True,12175.456285476685,baf6a787fdffd633537aa2eb51cfd54cb93ff08e28040095462bb63daf552878,부하 집중,1788764874.9060743,1763e50ff634-136,Edge computing reduces latency by processing data closer,20.5,spark,ok,1788764863.4935966,11.837,11480.003040252686
etri-ser0002-cgnmsb,1788764875.6959088,1788764874.9619868,True,11868.980169296265,baf6a787fdffd633537aa2eb51cfd54cb93ff08e28040095462bb63daf552878,부하 집중,1788764874.9060743,1763e50ff634-140,Edge computing reduces latency by processing data closer,20.833333333333336,spark,ok,1788764863.8269298,495.141,11838.482972503662
etri-ser0002-cgnmsb,1788764875.7205012,1788764874.9610713,True,12060.238599777222,baf6a787fdffd633537aa2eb51cfd54cb93ff08e28040095462bb63daf552878,부하 집중,1788764874.9060743,1763e50ff634-138,Edge computing reduces latency by processing data closer,20.666666666666664,spark,ok,1788764863.6602633,532.872,12024.87895288086
etri-ser0002-cgnmsb,1788764875.7422366,1788764874.9605427,True,12165.307521820068,baf6a787fdffd633537aa2eb51cfd54cb93ff08e28040095462bb63daf552878,부하 집중,1788764874.9060743,1763e50ff634-137,Edge computing reduces latency by processing data closer,20.583333333333336,spark,ok,1788764863.5769298,541.162,12132.465871170043
etri-ser0002-cgnmsb,1788764875.7628095,1788764874.9625056,True,11852.547407150269,baf6a787fdffd633537aa2eb51cfd54cb93ff08e28040095462bb63daf552878,부하 집중,1788764874.9060743,1763e50ff634-141,Edge computing reduces latency by processing data closer,20.916666666666664,spark,ok,1788764863.9102633,543.109,11819.557279052735
etri-ser0002-cgnmsb,1788764875.7828615,1788764874.961485,True,12039.266109466553,baf6a787fdffd633537aa2eb51cfd54cb93ff08e28040095462bb63daf552878,부하 집중,1788764874.9060743,1763e50ff634-139,Edge computing reduces latency by processing data closer,20.75,spark,ok,1788764863.7435966,544.144,12005.033355255127
etri-dev0001-jetorn,1788764875.8002958,1788764872.6630898,True,13306.699275970459,baf6a787fdffd633537aa2eb51cfd54cb93ff08e28040095462bb63daf552878,부하 집중,1788764872.1971724,1763e50ff634-124,Edge computing reduces latency by processing data closer,19.5,nano,ok,1788764862.4935966,49.39,13134.004198394776
etri-ser0002-cgnmsb,1788764875.8025265,1788764874.9639,True,11725.597381591797,baf6a787fdffd633537aa2eb51cfd54cb93ff08e28040095462bb63daf552878,부하 집중,1788764874.9060743,1763e50ff634-143,Edge computing reduces latency by processing data closer,21.083333333333336,spark,ok,1788764864.0769298,536.373,11691.988281600952
etri-ser0002-cgnmsb,1788764875.8241024,1788764874.9633138,True,11830.507040023804,baf6a787fdffd633537aa2eb51cfd54cb93ff08e28040095462bb63daf552878,부하 집중,1788764874.9060743,1763e50ff634-142,Edge computing reduces latency by processing data closer,21.0,spark,ok,1788764863.9935966,540.249,11793.200264175415
etri-ser0002-cgnmsb,1788764875.8447447,1788764874.9645627,True,11684.482336044312,baf6a787fdffd633537aa2eb51cfd54cb93ff08e28040095462bb63daf552878,부하 집중,1788764874.9060743,1763e50ff634-144,Edge computing reduces latency by processing data closer,21.166666666666664,spark,ok,1788764864.1602633,541.969,11646.472354553223
etri-ser0002-cgnmsb,1788764875.8654659,1788764874.965229,True,11621.870279312134,baf6a787fdffd633537aa2eb51cfd54cb93ff08e28040095462bb63daf552878,부하 집중,1788764874.9060743,1763e50ff634-145,Edge computing reduces latency by processing data closer,21.25,spark,ok,1788764864.2435966,545.219,11583.929480621338
etri-ser0002-cgnmsb,1788764875.8854637,1788764874.9674308,True,11391.868352890015,baf6a787fdffd633537aa2eb51cfd54cb93ff08e28040095462bb63daf552878,부하 집중,1788764874.9060743,1763e50ff634-148,Edge computing reduces latency by processing data closer,21.5,spark,ok,1788764864.4935966,543.7,11356.22327619934
etri-ser0002-cgnmsb,1788764875.9042528,1788764875.6838188,True,10743.990182876587,baf6a787fdffd633537aa2eb51cfd54cb93ff08e28040095462bb63daf552878,부하 집중,1788764875.4369514,1763e50ff634-156,Edge computing reduces latency by processing data closer,22.166666666666664,spark,ok,1788764865.1602633,545.554,10724.910517196655
etri-ser0002-cgnmsb,1788764875.9260125,1788764875.709044,True,10682.416200637817,baf6a787fdffd633537aa2eb51cfd54cb93ff08e28040095462bb63daf552878,부하 집중,1788764875.4369514,1763e50ff634-157,Edge computing reduces latency by processing data closer,22.25,spark,ok,1788764865.2435966,541.748,10661.196425842285
etri-ser0002-cgnmsb,1788764875.9447718,1788764875.7342386,True,10617.842435836792,baf6a787fdffd633537aa2eb51cfd54cb93ff08e28040095462bb63daf552878,부하 집중,1788764875.4369514,1763e50ff634-158,Edge computing reduces latency by processing data closer,22.333333333333336,spark,ok,1788764865.3269298,543.959,10598.84681690979
etri-ser0002-cgnmsb,1788764875.9920266,1788764875.7593923,True,10581.76326751709,baf6a787fdffd633537aa2eb51cfd54cb93ff08e28040095462bb63daf552878,부하 집중,1788764875.4369514,1763e50ff634-159,Edge computing reduces latency by processing data closer,22.416666666666664,spark,ok,1788764865.4102633,546.411,10535.64396156311
etri-ser0002-cgnmsb,1788764876.004988,1788764875.7845342,True,10511.391639709473,baf6a787fdffd633537aa2eb51cfd54cb93ff08e28040095462bb63daf552878,부하 집중,1788764875.4369514,1763e50ff634-160,Edge computing reduces latency by processing data closer,22.5,spark,ok,1788764865.4935966,536.085,10471.767662124634
etri-ser0002-cgnmsb,1788764876.0175056,1788764875.7845836,True,10440.576076507568,baf6a787fdffd633537aa2eb51cfd54cb93ff08e28040095462bb63daf552878,부하 집중,1788764875.4369514,1763e50ff634-161,Edge computing reduces latency by processing data closer,22.583333333333336,spark,ok,1788764865.5769298,543.996,10407.909760910034
etri-dev0001-jetorn,1788764876.018162,1788764872.877878,True,13441.232442855835,baf6a787fdffd633537aa2eb51cfd54cb93ff08e28040095462bb63daf552878,부하 집중,1788764872.7489948,1763e50ff634-125,Edge computing reduces latency by processing data closer,19.583333333333336,nano,ok,1788764862.5769298,49.59,13249.458143005371
etri-ser0002-cgnmsb,1788764876.066587,1788764875.809821,True,10322.990655899048,baf6a787fdffd633537aa2eb51cfd54cb93ff08e28040095462bb63daf552878,부하 집중,1788764875.4369514,1763e50ff634-163,Edge computing reduces latency by processing data closer,22.75,spark,ok,1788764865.7435966,544.922,10261.888336624146
etri-ser0002-cgnmsb,1788764876.0667338,1788764875.8602135,True,10156.470775604248,baf6a787fdffd633537aa2eb51cfd54cb93ff08e28040095462bb63daf552878,부하 집중,1788764875.4369514,1763e50ff634-165,Edge computing reduces latency by processing data closer,22.916666666666664,spark,ok,1788764865.9102633,541.235,10134.988218200684
etri-ser0002-cgnmsb,1788764876.0669317,1788764875.8350024,True,10240.001916885376,baf6a787fdffd633537aa2eb51cfd54cb93ff08e28040095462bb63daf552878,부하 집중,1788764875.4369514,1763e50ff634-164,Edge computing reduces latency by processing data closer,22.833333333333336,spark,ok,1788764865.8269298,545.033,10199.4416146698
etri-ser0002-cgnmsb,1788764876.0837228,1788764875.8856356,True,10090.126514434814,baf6a787fdffd633537aa2eb51cfd54cb93ff08e28040095462bb63daf552878,부하 집중,1788764875.4369514,1763e50ff634-166,Edge computing reduces latency by processing data closer,23.0,spark,ok,1788764865.9935966,541.162,10071.74906059265
etri-ser0002-cgnmsb,1788764876.1027486,1788764875.8857138,True,10025.819301605225,baf6a787fdffd633537aa2eb51cfd54cb93ff08e28040095462bb63daf552878,부하 집중,1788764875.4369514,1763e50ff634-167,Edge computing reduces latency by processing data closer,23.083333333333336,spark,ok,1788764866.0769298,536.481,10007.117008026124
etri-ser0002-cgnmsb,1788764876.1221416,1788764875.9109006,True,9961.879014968872,baf6a787fdffd633537aa2eb51cfd54cb93ff08e28040095462bb63daf552878,부하 집중,1788764875.4369514,1763e50ff634-168,Edge computing reduces latency by processing data closer,23.166666666666664,spark,ok,1788764866.1602633,546.597,9929.934292861939
etri-ser0002-cgnmsb,1788764876.142576,1788764874.9685047,True,11565.64712524414,baf6a787fdffd633537aa2eb51cfd54cb93ff08e28040095462bb63daf552878,부하 집중,1788764874.9060743,1763e50ff634-149,Edge computing reduces latency by processing data closer,21.583333333333336,spark,ok,1788764864.5769298,544.514,10512.023859619141
etri-ser0002-cgnmsb,1788764876.1623383,1788764874.9667075,True,11752.075910568237,baf6a787fdffd633537aa2eb51cfd54cb93ff08e28040095462bb63daf552878,부하 집중,1788764874.9060743,1763e50ff634-147,Edge computing reduces latency by processing data closer,21.416666666666664,spark,ok,1788764864.4102633,541.638,10683.35416809082
etri-ser0002-cgnmsb,1788764876.1819487,1788764874.969816,True,11438.352823257446,baf6a787fdffd633537aa2eb51cfd54cb93ff08e28040095462bb63daf552878,부하 집중,1788764874.9060743,1763e50ff634-151,Edge computing reduces latency by processing data closer,21.75,spark,ok,1788764864.7435966,543.22,10372.310415664673
etri-dev0001-jetorn,1788764876.195477,1788764873.0540051,True,13535.2144241333,baf6a787fdffd633537aa2eb51cfd54cb93ff08e28040095462bb63daf552878,부하 집중,1788764872.7489948,1763e50ff634-126,Edge computing reduces latency by processing data closer,19.666666666666664,nano,ok,1788764862.6602633,49.717,13363.220846084594
etri-ser0002-cgnmsb,1788764876.201305,1788764876.0196106,True,9957.708835601807,baf6a787fdffd633537aa2eb51cfd54cb93ff08e28040095462bb63daf552878,부하 집중,1788764875.9473927,1763e50ff634-169,Edge computing reduces latency by processing data closer,23.25,spark,ok,1788764866.2435966,542.41,9939.77208958435
etri-ser0002-cgnmsb,1788764876.2214396,1788764874.9691718,True,11561.177492141724,baf6a787fdffd633537aa2eb51cfd54cb93ff08e28040095462bb63daf552878,부하 집중,1788764874.9060743,1763e50ff634-150,Edge computing reduces latency by processing data closer,21.666666666666664,spark,ok,1788764864.6602633,542.851,10492.047462524413
etri-ser0002-cgnmsb,1788764876.2419972,1788764874.9659703,True,11915.068626403809,baf6a787fdffd633537aa2eb51cfd54cb93ff08e28040095462bb63daf552878,부하 집중,1788764874.9060743,1763e50ff634-146,Edge computing reduces latency by processing data closer,21.333333333333336,spark,ok,1788764864.3269298,547.495,10842.73247012329
etri-ser0002-cgnmsb,1788764876.2618754,1788764876.0201325,True,9934.946298599243,baf6a787fdffd633537aa2eb51cfd54cb93ff08e28040095462bb63daf552878,부하 집중,1788764875.9473927,1763e50ff634-170,Edge computing reduces latency by processing data closer,23.333333333333336,spark,ok,1788764866.3269298,544.551,9870.40173399353
etri-ser0002-cgnmsb,1788764876.2817535,1788764876.0666063,True,9871.491432189941,baf6a787fdffd633537aa2eb51cfd54cb93ff08e28040095462bb63daf552878,부하 집중,1788764875.9473927,1763e50ff634-171,Edge computing reduces latency by processing data closer,23.416666666666664,spark,ok,1788764866.4102633,547.121,9850.46598324585
etri-ser0002-cgnmsb,1788764876.301363,1788764876.0671139,True,9807.766914367676,baf6a787fdffd633537aa2eb51cfd54cb93ff08e28040095462bb63daf552878,부하 집중,1788764875.9473927,1763e50ff634-172,Edge computing reduces latency by processing data closer,23.5,spark,ok,1788764866.4935966,547.158,9787.353322540283
etri-ser0002-cgnmsb,1788764876.3217137,1788764876.0671434,True,9494.784832000732,baf6a787fdffd633537aa2eb51cfd54cb93ff08e28040095462bb63daf552878,부하 집중,1788764875.9473927,1763e50ff634-176,Edge computing reduces latency by processing data closer,23.833333333333336,spark,ok,1788764866.8269298,543.959,9473.755632583618
etri-ser0002-cgnmsb,1788764876.3420448,1788764876.0671325,True,9681.782484054565,baf6a787fdffd633537aa2eb51cfd54cb93ff08e28040095462bb63daf552878,부하 집중,1788764875.9473927,1763e50ff634-174,Edge computing reduces latency by processing data closer,23.666666666666664,spark,ok,1788764866.6602633,545.814,9660.873173049928
etri-ser0002-cgnmsb,1788764876.3623407,1788764876.0671258,True,9785.411596298218,baf6a787fdffd633537aa2eb51cfd54cb93ff08e28040095462bb63daf552878,부하 집중,1788764875.9473927,1763e50ff634-173,Edge computing reduces latency by processing data closer,23.583333333333336,spark,ok,1788764866.5769298,535.26,9764.252989608765
etri-ser0002-cgnmsb,1788764876.3825493,1788764876.067138,True,9638.953447341919,baf6a787fdffd633537aa2eb51cfd54cb93ff08e28040095462bb63daf552878,부하 집중,1788764875.9473927,1763e50ff634-175,Edge computing reduces latency by processing data closer,23.75,spark,ok,1788764866.7435966,546.896,9618.022402816772
etri-dev0001-jetorn,1788764876.3918247,1788764873.254906,True,13648.228645324707,baf6a787fdffd633537aa2eb51cfd54cb93ff08e28040095462bb63daf552878,부하 집중,1788764872.7489948,1763e50ff634-127,Edge computing reduces latency by processing data closer,19.75,nano,ok,1788764862.7435966,49.715,13477.690385299682
etri-ser0002-cgnmsb,1788764876.402368,1788764876.0931706,True,9408.772230148315,baf6a787fdffd633537aa2eb51cfd54cb93ff08e28040095462bb63daf552878,부하 집중,1788764875.9473927,1763e50ff634-178,Edge computing reduces latency by processing data closer,24.0,spark,ok,1788764866.9935966,545.182,9386.051089050294
etri-ser0002-cgnmsb,1788764876.429595,1788764876.1183064,True,9352.665185928345,baf6a787fdffd633537aa2eb51cfd54cb93ff08e28040095462bb63daf552878,부하 집중,1788764875.9473927,1763e50ff634-179,Edge computing reduces latency by processing data closer,24.083333333333336,spark,ok,1788764867.0769298,539.265,9327.06559072876
etri-ser0002-cgnmsb,1788764876.4432647,1788764876.1435635,True,9199.668645858765,baf6a787fdffd633537aa2eb51cfd54cb93ff08e28040095462bb63daf552878,부하 집중,1788764875.9473927,1763e50ff634-181,Edge computing reduces latency by processing data closer,24.25,spark,ok,1788764867.2435966,545.74,9180.265955184936
etri-ser0002-cgnmsb,1788764876.4634633,1788764876.1434941,True,9303.200960159302,baf6a787fdffd633537aa2eb51cfd54cb93ff08e28040095462bb63daf552878,부하 집중,1788764875.9473927,1763e50ff634-180,Edge computing reduces latency by processing data closer,24.166666666666664,spark,ok,1788764867.1602633,539.047,9284.088829238892
etri-ser0002-cgnmsb,1788764876.483459,1788764876.168747,True,9156.529664993286,baf6a787fdffd633537aa2eb51cfd54cb93ff08e28040095462bb63daf552878,부하 집중,1788764875.9473927,1763e50ff634-182,Edge computing reduces latency by processing data closer,24.333333333333336,spark,ok,1788764867.3269298,540.212,9137.550140579224
etri-ser0002-cgnmsb,1788764876.5049927,1788764876.193991,True,9094.729661941528,baf6a787fdffd633537aa2eb51cfd54cb93ff08e28040095462bb63daf552878,부하 집중,1788764875.9473927,1763e50ff634-183,Edge computing reduces latency by processing data closer,24.416666666666664,spark,ok,1788764867.4102633,544.514,9075.129645874023
etri-ser0002-cgnmsb,1788764876.527092,1788764876.2191787,True,9033.495903015137,baf6a787fdffd633537aa2eb51cfd54cb93ff08e28040095462bb63daf552878,부하 집중,1788764875.9473927,1763e50ff634-184,Edge computing reduces latency by processing data closer,24.5,spark,ok,1788764867.4935966,542.005,9014.164122802735
etri-ser0002-cgnmsb,1788764876.547588,1788764876.2443812,True,8887.325763702393,baf6a787fdffd633537aa2eb51cfd54cb93ff08e28040095462bb63daf552878,부하 집중,1788764875.9473927,1763e50ff634-186,Edge computing reduces latency by processing data closer,24.666666666666664,spark,ok,1788764867.6602633,541.638,8867.561889404296
etri-ser0002-cgnmsb,1788764876.5681431,1788764876.244438,True,8824.547290802002,baf6a787fdffd633537aa2eb51cfd54cb93ff08e28040095462bb63daf552878,부하 집중,1788764875.9473927,1763e50ff634-187,Edge computing reduces latency by processing data closer,24.75,spark,ok,1788764867.7435966,544.403,8804.303379165649
etri-ser0002-cgnmsb,1788764876.5885563,1788764876.2696085,True,8761.627197265625,baf6a787fdffd633537aa2eb51cfd54cb93ff08e28040095462bb63daf552878,부하 집중,1788764875.9473927,1763e50ff634-188,Edge computing reduces latency by processing data closer,24.833333333333336,spark,ok,1788764867.8269298,541.052,8742.658689956665
etri-dev0001-jetorn,1788764876.5894873,1788764873.4567559,True,13762.558221817017,baf6a787fdffd633537aa2eb51cfd54cb93ff08e28040095462bb63daf552878,부하 집중,1788764873.2863832,1763e50ff634-128,Edge computing reduces latency by processing data closer,19.833333333333336,nano,ok,1788764862.8269298,49.461,13588.846068878174
etri-ser0002-cgnmsb,1788764876.6092222,1788764876.294821,True,8698.959589004517,baf6a787fdffd633537aa2eb51cfd54cb93ff08e28040095462bb63daf552878,부하 집중,1788764875.9473927,1763e50ff634-189,Edge computing reduces latency by processing data closer,24.916666666666664,spark,ok,1788764867.9102633,545.703,8680.323723999023
etri-ser0002-cgnmsb,1788764876.628885,1788764876.3200011,True,8635.289192199707,baf6a787fdffd633537aa2eb51cfd54cb93ff08e28040095462bb63daf552878,부하 집중,1788764875.9473927,1763e50ff634-190,Edge computing reduces latency by processing data closer,25.0,spark,ok,1788764867.9935966,546.56,8617.183571533204
etri-ser0002-cgnmsb,1788764876.6495123,1788764876.3451788,True,8572.583436965942,baf6a787fdffd633537aa2eb51cfd54cb93ff08e28040095462bb63daf552878,부하 집중,1788764875.9473927,1763e50ff634-191,Edge computing reduces latency by processing data closer,25.083333333333336,spark,ok,1788764868.0769298,540.541,8552.727034881591
etri-ser0002-cgnmsb,1788764876.669135,1788764876.3452332,True,8508.872270584106,baf6a787fdffd633537aa2eb51cfd54cb93ff08e28040095462bb63daf552878,부하 집중,1788764875.9473927,1763e50ff634-192,Edge computing reduces latency by processing data closer,25.166666666666664,spark,ok,1788764868.1602633,542.299,8489.378902038574
etri-ser0002-cgnmsb,1788764876.6895552,1788764876.3703928,True,8445.959329605103,baf6a787fdffd633537aa2eb51cfd54cb93ff08e28040095462bb63daf552878,부하 집중,1788764875.9473927,1763e50ff634-193,Edge computing reduces latency by processing data closer,25.25,spark,ok,1788764868.2435966,546.597,8427.549245574952
etri-ser0002-cgnmsb,1788764876.7097673,1788764876.3955915,True,8382.83896446228,baf6a787fdffd633537aa2eb51cfd54cb93ff08e28040095462bb63daf552878,부하 집중,1788764875.9473927,1763e50ff634-194,Edge computing reduces latency by processing data closer,25.333333333333336,spark,ok,1788764868.3269298,538.358,8364.1776897583
etri-ser0002-cgnmsb,1788764876.7294548,1788764876.4208035,True,8235.858917236328,baf6a787fdffd633537aa2eb51cfd54cb93ff08e28040095462bb63daf552878,부하 집중,1788764875.9473927,1763e50ff634-196,Edge computing reduces latency by processing data closer,25.5,spark,ok,1788764868.4935966,543.959,8209.749993103027
etri-ser0002-cgnmsb,1788764876.74917,1788764876.47781,True,8088.907718658447,baf6a787fdffd633537aa2eb51cfd54cb93ff08e28040095462bb63daf552878,부하 집중,1788764876.4597912,1763e50ff634-198,Edge computing reduces latency by processing data closer,25.666666666666664,spark,ok,1788764868.6602633,546.597,8069.284606063843
etri-ser0002-cgnmsb,1788764876.7700508,1788764876.4777231,True,8193.122386932373,baf6a787fdffd633537aa2eb51cfd54cb93ff08e28040095462bb63daf552878,부하 집중,1788764876.4597912,1763e50ff634-197,Edge computing reduces latency by processing data closer,25.583333333333336,spark,ok,1788764868.5769298,540.03,8172.890313980102
etri-dev0001-jetorn,1788764876.785044,1788764873.6328464,True,13874.781370162964,baf6a787fdffd633537aa2eb51cfd54cb93ff08e28040095462bb63daf552878,부하 집중,1788764873.2863832,1763e50ff634-129,Edge computing reduces latency by processing data closer,19.916666666666664,nano,ok,1788764862.9102633,49.734,13703.942055496216
etri-ser0002-cgnmsb,1788764876.7898202,1788764876.4778526,True,8046.224355697632,baf6a787fdffd633537aa2eb51cfd54cb93ff08e28040095462bb63daf552878,부하 집중,1788764876.4597912,1763e50ff634-199,Edge computing reduces latency by processing data closer,25.75,spark,ok,1788764868.7435966,543.441,8026.475029129028
etri-ser0002-cgnmsb,1788764876.8103492,1788764876.5030403,True,7983.420372009277,baf6a787fdffd633537aa2eb51cfd54cb93ff08e28040095462bb63daf552878,부하 집중,1788764876.4597912,1763e50ff634-200,Edge computing reduces latency by processing data closer,25.833333333333336,spark,ok,1788764868.8269298,538.793,7965.122506057739
etri-ser0002-cgnmsb,1788764876.8319657,1788764876.5282779,True,7921.703100204468,baf6a787fdffd633537aa2eb51cfd54cb93ff08e28040095462bb63daf552878,부하 집중,1788764876.4597912,1763e50ff634-201,Edge computing reduces latency by processing data closer,25.916666666666664,spark,ok,1788764868.9102633,544.366,7901.452574050903
etri-ser0002-cgnmsb,1788764876.8514125,1788764876.5283601,True,7857.816696166992,baf6a787fdffd633537aa2eb51cfd54cb93ff08e28040095462bb63daf552878,부하 집중,1788764876.4597912,1763e50ff634-202,Edge computing reduces latency by processing data closer,26.0,spark,ok,1788764868.9935966,548.358,7838.7715746002195
etri-ser0002-cgnmsb,1788764876.8712218,1788764876.553535,True,7794.292449951172,baf6a787fdffd633537aa2eb51cfd54cb93ff08e28040095462bb63daf552878,부하 집중,1788764876.4597912,1763e50ff634-203,Edge computing reduces latency by processing data closer,26.083333333333332,spark,ok,1788764869.0769298,546.224,7776.395176925659
etri-ser0002-cgnmsb,1788764876.8921196,1788764876.57875,True,7731.857061386108,baf6a787fdffd633537aa2eb51cfd54cb93ff08e28040095462bb63daf552878,부하 집중,1788764876.4597912,1763e50ff634-204,Edge computing reduces latency by processing data closer,26.166666666666668,spark,ok,1788764869.1602633,546.934,7713.037595153809
etri-ser0002-cgnmsb,1788764876.91229,1788764876.6039777,True,7668.694496154785,baf6a787fdffd633537aa2eb51cfd54cb93ff08e28040095462bb63daf552878,부하 집중,1788764876.4597912,1763e50ff634-205,Edge computing reduces latency by processing data closer,26.25,spark,ok,1788764869.2435966,548.208,7649.268126403808
etri-ser0002-cgnmsb,1788764876.940038,1788764876.6292443,True,7529.774904251099,baf6a787fdffd633537aa2eb51cfd54cb93ff08e28040095462bb63daf552878,부하 집중,1788764876.4597912,1763e50ff634-207,Edge computing reduces latency by processing data closer,26.416666666666668,spark,ok,1788764869.4102633,509.457,7503.698027603149
etri-ser0002-cgnmsb,1788764876.9538925,1788764876.6293135,True,7460.296392440796,baf6a787fdffd633537aa2eb51cfd54cb93ff08e28040095462bb63daf552878,부하 집중,1788764876.4597912,1763e50ff634-208,Edge computing reduces latency by processing data closer,26.5,spark,ok,1788764869.4935966,543.441,7441.823915130615
etri-ser0002-cgnmsb,1788764876.972959,1788764876.6544814,True,7396.029233932495,baf6a787fdffd633537aa2eb51cfd54cb93ff08e28040095462bb63daf552878,부하 집중,1788764876.4597912,1763e50ff634-209,Edge computing reduces latency by processing data closer,26.583333333333332,spark,ok,1788764869.5769298,543.848,7378.021603317261
etri-dev0001-jetorn,1788764876.9820042,1788764873.8399267,True,13988.407850265503,baf6a787fdffd633537aa2eb51cfd54cb93ff08e28040095462bb63daf552878,부하 집중,1788764873.8308938,1763e50ff634-130,Edge computing reduces latency by processing data closer,20.0,nano,ok,1788764862.9935966,49.545,13817.920165863037
etri-ser0002-cgnmsb,1788764876.9934156,1788764876.6796684,True,7333.153009414673,baf6a787fdffd633537aa2eb51cfd54cb93ff08e28040095462bb63daf552878,부하 집중,1788764876.4597912,1763e50ff634-210,Edge computing reduces latency by processing data closer,26.666666666666668,spark,ok,1788764869.6602633,543.441,7314.847126571655
etri-ser0002-cgnmsb,1788764877.0127263,1788764876.7048583,True,7269.130229949951,baf6a787fdffd633537aa2eb51cfd54cb93ff08e28040095462bb63daf552878,부하 집중,1788764876.4597912,1763e50ff634-211,Edge computing reduces latency by processing data closer,26.75,spark,ok,1788764869.7435966,545.591,7250.759749267578
etri-ser0002-cgnmsb,1788764877.0327866,1788764876.730097,True,7122.523546218872,baf6a787fdffd633537aa2eb51cfd54cb93ff08e28040095462bb63daf552878,부하 집중,1788764876.4597912,1763e50ff634-213,Edge computing reduces latency by processing data closer,26.916666666666668,spark,ok,1788764869.9102633,541.345,7103.617755493164
etri-ser0002-cgnmsb,1788764877.0542564,1788764876.73001,True,7227.327346801758,baf6a787fdffd633537aa2eb51cfd54cb93ff08e28040095462bb63daf552878,부하 집중,1788764876.4597912,1763e50ff634-212,Edge computing reduces latency by processing data closer,26.833333333333332,spark,ok,1788764869.8269298,541.089,7207.711224990845
etri-ser0002-cgnmsb,1788764877.0748353,1788764876.7552693,True,7081.239223480225,baf6a787fdffd633537aa2eb51cfd54cb93ff08e28040095462bb63daf552878,부하 집중,1788764876.4597912,1763e50ff634-214,Edge computing reduces latency by processing data closer,27.0,spark,ok,1788764869.9935966,539.92,7063.102735214234
etri-ser0002-cgnmsb,1788764877.0951786,1788764876.7804484,True,7018.249034881592,baf6a787fdffd633537aa2eb51cfd54cb93ff08e28040095462bb63daf552878,부하 집중,1788764876.4597912,1763e50ff634-215,Edge computing reduces latency by processing data closer,27.083333333333332,spark,ok,1788764870.0769298,545.145,7000.571629074097
etri-ser0002-cgnmsb,1788764877.114412,1788764876.8056264,True,6954.149007797241,baf6a787fdffd633537aa2eb51cfd54cb93ff08e28040095462bb63daf552878,부하 집중,1788764876.4597912,1763e50ff634-216,Edge computing reduces latency by processing data closer,27.166666666666668,spark,ok,1788764870.1602633,542.336,6935.934092422485
etri-ser0002-cgnmsb,1788764877.1350455,1788764876.8308432,True,6808.115720748901,baf6a787fdffd633537aa2eb51cfd54cb93ff08e28040095462bb63daf552878,부하 집중,1788764876.4597912,1763e50ff634-218,Edge computing reduces latency by processing data closer,27.333333333333332,spark,ok,1788764870.3269298,541.016,6790.242402557373
etri-ser0002-cgnmsb,1788764877.1566694,1788764876.856077,True,6663.072824478149,baf6a787fdffd633537aa2eb51cfd54cb93ff08e28040095462bb63daf552878,부하 집중,1788764876.4597912,1763e50ff634-220,Edge computing reduces latency by processing data closer,27.5,spark,ok,1788764870.4935966,545.182,6644.423401992798
etri-ser0002-cgnmsb,1788764877.1786132,1788764876.8560097,True,6768.350601196289,baf6a787fdffd633537aa2eb51cfd54cb93ff08e28040095462bb63daf552878,부하 집중,1788764876.4597912,1763e50ff634-219,Edge computing reduces latency by processing data closer,27.416666666666668,spark,ok,1788764870.4102633,546.262,6747.883421813965
etri-dev0001-jetorn,1788764877.18578,1788764874.0596917,True,14108.850240707397,baf6a787fdffd633537aa2eb51cfd54cb93ff08e28040095462bb63daf552878,부하 집중,1788764873.8308938,1763e50ff634-131,Edge computing reduces latency by processing data closer,20.083333333333336,nano,ok,1788764863.0769298,49.123,13936.2828598938
etri-ser0002-cgnmsb,1788764877.1977732,1788764876.8812103,True,6620.8436489105225,baf6a787fdffd633537aa2eb51cfd54cb93ff08e28040095462bb63daf552878,부하 집중,1788764876.4597912,1763e50ff634-221,Edge computing reduces latency by processing data closer,27.583333333333332,spark,ok,1788764870.5769298,545.963,6604.000519485474
etri-ser0002-cgnmsb,1788764877.2173996,1788764876.9063628,True,6557.136535644531,baf6a787fdffd633537aa2eb51cfd54cb93ff08e28040095462bb63daf552878,부하 집중,1788764876.4597912,1763e50ff634-222,Edge computing reduces latency by processing data closer,27.666666666666668,spark,ok,1788764870.6602633,540.723,6539.007472045899
etri-ser0002-cgnmsb,1788764877.2374458,1788764876.9315293,True,6493.849515914917,baf6a787fdffd633537aa2eb51cfd54cb93ff08e28040095462bb63daf552878,부하 집중,1788764876.4597912,1763e50ff634-223,Edge computing reduces latency by processing data closer,27.75,spark,ok,1788764870.7435966,545.368,6468.753729721069
etri-ser0002-cgnmsb,1788764877.365983,1788764877.325734,True,6372.386693954468,baf6a787fdffd633537aa2eb51cfd54cb93ff08e28040095462bb63daf552878,부하 집중,1788764876.9683833,1763e50ff634-226,Edge computing reduces latency by processing data closer,28.0,spark,ok,1788764870.9935966,543.294,6340.7683462677005
etri-dev0001-jetorn,1788764877.3828905,1788764874.2355905,True,14222.627401351929,baf6a787fdffd633537aa2eb51cfd54cb93ff08e28040095462bb63daf552878,부하 집중,1788764873.8308938,1763e50ff634-132,Edge computing reduces latency by processing data closer,20.166666666666664,nano,ok,1788764863.1602633,49.533,14052.123157974243
etri-ser0002-cgnmsb,1788764877.3867803,1788764877.3257272,True,6476.517200469971,baf6a787fdffd633537aa2eb51cfd54cb93ff08e28040095462bb63daf552878,부하 집중,1788764876.9683833,1763e50ff634-225,Edge computing reduces latency by processing data closer,27.916666666666668,spark,ok,1788764870.9102633,534.438,6443.738924407959
etri-ser0002-cgnmsb,1788764877.4067183,1788764877.3257513,True,6163.121700286865,baf6a787fdffd633537aa2eb51cfd54cb93ff08e28040095462bb63daf552878,부하 집중,1788764876.9683833,1763e50ff634-229,Edge computing reduces latency by processing data closer,28.25,spark,ok,1788764871.2435966,543.368,6130.3237508239745
etri-ser0002-cgnmsb,1788764877.4272485,1788764877.3257077,True,6600.319147109985,baf6a787fdffd633537aa2eb51cfd54cb93ff08e28040095462bb63daf552878,부하 집중,1788764876.9683833,1763e50ff634-224,Edge computing reduces latency by processing data closer,27.833333333333332,spark,ok,1788764870.8269298,530.223,6564.028866363526
etri-ser0002-cgnmsb,1788764877.4473178,1788764877.325765,True,5953.721761703491,baf6a787fdffd633537aa2eb51cfd54cb93ff08e28040095462bb63daf552878,부하 집중,1788764876.9683833,1763e50ff634-232,Edge computing reduces latency by processing data closer,28.5,spark,ok,1788764871.4935966,542.778,5917.832340682983
etri-ser0002-cgnmsb,1788764877.4679906,1788764877.325746,True,6307.727813720703,baf6a787fdffd633537aa2eb51cfd54cb93ff08e28040095462bb63daf552878,부하 집중,1788764876.9683833,1763e50ff634-228,Edge computing reduces latency by processing data closer,28.166666666666668,spark,ok,1788764871.1602633,535.045,6270.434759475708
etri-ser0002-cgnmsb,1788764877.4891899,1788764877.3257558,True,6162.260293960571,baf6a787fdffd633537aa2eb51cfd54cb93ff08e28040095462bb63daf552878,부하 집중,1788764876.9683833,1763e50ff634-230,Edge computing reduces latency by processing data closer,28.333333333333332,spark,ok,1788764871.3269298,541.638,6124.790026916504
etri-ser0002-cgnmsb,1788764877.5098426,1788764877.3257408,True,6432.913303375244,baf6a787fdffd633537aa2eb51cfd54cb93ff08e28040095462bb63daf552878,부하 집중,1788764876.9683833,1763e50ff634-227,Edge computing reduces latency by processing data closer,28.083333333333332,spark,ok,1788764871.0769298,542.704,6395.00100654602
etri-ser0002-cgnmsb,1788764877.5313761,1788764877.3257742,True,5871.113538742065,baf6a787fdffd633537aa2eb51cfd54cb93ff08e28040095462bb63daf552878,부하 집중,1788764876.9683833,1763e50ff634-234,Edge computing reduces latency by processing data closer,28.666666666666668,spark,ok,1788764871.6602633,546.523,5833.229892868042
etri-ser0002-cgnmsb,1788764877.5514963,1788764877.3759744,True,5224.567174911499,baf6a787fdffd633537aa2eb51cfd54cb93ff08e28040095462bb63daf552878,부하 집중,1788764876.9683833,1763e50ff634-242,Edge computing reduces latency by processing data closer,29.333333333333332,spark,ok,1788764872.3269298,543.552,5206.7736090698245
etri-ser0002-cgnmsb,1788764877.57121,1788764877.4010994,True,5160.946846008301,baf6a787fdffd633537aa2eb51cfd54cb93ff08e28040095462bb63daf552878,부하 집중,1788764876.9683833,1763e50ff634-243,Edge computing reduces latency by processing data closer,29.416666666666668,spark,ok,1788764872.4102633,545.665,5143.803143493652
etri-dev0001-jetorn,1788764877.5789957,1788764874.4424078,True,14335.399150848389,baf6a787fdffd633537aa2eb51cfd54cb93ff08e28040095462bb63daf552878,부하 집중,1788764874.3542194,1763e50ff634-133,Edge computing reduces latency by processing data closer,20.25,nano,ok,1788764863.2435966,49.655,14169.516292648315
etri-ser0002-cgnmsb,1788764877.590954,1788764877.4262402,True,5014.024257659912,baf6a787fdffd633537aa2eb51cfd54cb93ff08e28040095462bb63daf552878,부하 집중,1788764876.9683833,1763e50ff634-245,Edge computing reduces latency by processing data closer,29.583333333333332,spark,ok,1788764872.5769298,545.628,4996.315398101807
etri-ser0002-cgnmsb,1788764877.610543,1788764877.4514785,True,4866.946697235107,baf6a787fdffd633537aa2eb51cfd54cb93ff08e28040095462bb63daf552878,부하 집중,1788764876.9683833,1763e50ff634-247,Edge computing reduces latency by processing data closer,29.75,spark,ok,1788764872.7435966,545.182,4840.345927490234
etri-ser0002-cgnmsb,1788764877.6318583,1788764877.4514124,True,4971.595287322998,baf6a787fdffd633537aa2eb51cfd54cb93ff08e28040095462bb63daf552878,부하 집중,1788764876.9683833,1763e50ff634-246,Edge computing reduces latency by processing data closer,29.666666666666668,spark,ok,1788764872.6602633,495.417,4943.476139404297
etri-ser0002-cgnmsb,1788764877.6545744,1788764877.507477,True,4744.311571121216,baf6a787fdffd633537aa2eb51cfd54cb93ff08e28040095462bb63daf552878,부하 집중,1788764876.9683833,1763e50ff634-249,Edge computing reduces latency by processing data closer,29.916666666666668,spark,ok,1788764872.9102633,490.136,4723.306745117187
etri-ser0002-cgnmsb,1788764877.6763296,1788764877.507441,True,4849.400758743286,baf6a787fdffd633537aa2eb51cfd54cb93ff08e28040095462bb63daf552878,부하 집중,1788764876.9683833,1763e50ff634-248,Edge computing reduces latency by processing data closer,29.833333333333332,spark,ok,1788764872.8269298,514.668,4829.081236190796
etri-ser0002-cgnmsb,1788764877.6975462,1788764877.5326424,True,4703.949928283691,baf6a787fdffd633537aa2eb51cfd54cb93ff08e28040095462bb63daf552878,부하 감소,1788764876.9683833,1763e50ff634-250,Edge computing reduces latency by processing data closer,30.0,spark,ok,1788764872.9935966,500.156,4683.771810699463
etri-ser0002-cgnmsb,1788764877.719188,1788764877.5327203,True,4225.592136383057,baf6a787fdffd633537aa2eb51cfd54cb93ff08e28040095462bb63daf552878,부하 감소,1788764876.9683833,1763e50ff634-251,Edge computing reduces latency by processing data closer,30.5,spark,ok,1788764873.4935966,518.739,4205.214773574829
etri-ser0002-cgnmsb,1788764877.7402978,1788764877.557882,True,3746.701955795288,baf6a787fdffd633537aa2eb51cfd54cb93ff08e28040095462bb63daf552878,부하 감소,1788764876.9683833,1763e50ff634-252,Edge computing reduces latency by processing data closer,31.0,spark,ok,1788764873.9935966,535.404,3728.0155167388916
etri-ser0002-cgnmsb,1788764877.7625673,1788764877.5830295,True,3268.9714431762695,baf6a787fdffd633537aa2eb51cfd54cb93ff08e28040095462bb63daf552878,부하 감소,1788764876.9683833,1763e50ff634-253,Edge computing reduces latency by processing data closer,31.5,spark,ok,1788764874.4935966,493.157,3248.949954788208
etri-dev0001-jetorn,1788764877.779056,1788764874.6183703,True,14452.126264572144,baf6a787fdffd633537aa2eb51cfd54cb93ff08e28040095462bb63daf552878,부하 집중,1788764874.3542194,1763e50ff634-134,Edge computing reduces latency by processing data closer,20.333333333333336,nano,ok,1788764863.3269298,49.03,14289.375486907958
etri-ser0002-cgnmsb,1788764877.7838507,1788764877.6081243,True,2290.2543544769287,baf6a787fdffd633537aa2eb51cfd54cb93ff08e28040095462bb63daf552878,부하 감소,1788764876.9683833,1763e50ff634-255,Edge computing reduces latency by processing data closer,32.5,spark,ok,1788764875.4935966,502.103,2271.766702331543
etri-ser0002-cgnmsb,1788764877.8047872,1788764877.6332994,True,1311.1908435821533,baf6a787fdffd633537aa2eb51cfd54cb93ff08e28040095462bb63daf552878,부하 감소,1788764876.9683833,1763e50ff634-257,Edge computing reduces latency by processing data closer,33.5,spark,ok,1788764876.4935966,509.976,1291.753796936035
etri-ser0002-cgnmsb,1788764877.8269775,1788764877.633253,True,1833.3814144134521,baf6a787fdffd633537aa2eb51cfd54cb93ff08e28040095462bb63daf552878,부하 감소,1788764876.9683833,1763e50ff634-256,Edge computing reduces latency by processing data closer,33.0,spark,ok,1788764875.9935966,523.252,1813.3405437316894
etri-ser0002-cgnmsb,1788764877.8486924,1788764877.6584527,True,855.0963401794434,baf6a787fdffd633537aa2eb51cfd54cb93ff08e28040095462bb63daf552878,부하 감소,1788764876.9683833,1763e50ff634-258,Edge computing reduces latency by processing data closer,34.0,spark,ok,1788764876.9935966,494.896,834.9311954498291
etri-ser0002-cgnmsb,1788764877.8685412,1788764877.6836302,True,374.94540214538574,baf6a787fdffd633537aa2eb51cfd54cb93ff08e28040095462bb63daf552878,부하 감소,1788764876.9683833,1763e50ff634-259,Edge computing reduces latency by processing data closer,34.5,spark,ok,1788764877.4935966,543.589,357.2166742401123
etri-dev0001-jetorn,1788764877.9833558,1788764874.8194048,True,14573.092699050903,baf6a787fdffd633537aa2eb51cfd54cb93ff08e28040095462bb63daf552878,부하 집중,1788764874.3542194,1763e50ff634-135,Edge computing reduces latency by processing data closer,20.416666666666664,nano,ok,1788764863.4102633,48.95,14399.617540527344
etri-ser0002-cgnmsb,1788764878.0824957,1788764878.0547647,True,88.89937400817871,baf6a787fdffd633537aa2eb51cfd54cb93ff08e28040095462bb63daf552878,부하 감소,1788764877.7960436,1763e50ff634-260,Edge computing reduces latency by processing data closer,35.0,spark,ok,1788764877.9935966,482.742,67.35319381713867
etri-dev0001-jetorn,1788764878.194495,1788764875.0209346,True,13367.565393447876,baf6a787fdffd633537aa2eb51cfd54cb93ff08e28040095462bb63daf552878,부하 집중,1788764874.9358845,1763e50ff634-152,Edge computing reduces latency by processing data closer,21.833333333333336,nano,ok,1788764864.8269298,49.514,13196.673774093628
etri-dev0001-jetorn,1788764878.415732,1788764875.2217834,True,13505.468845367432,baf6a787fdffd633537aa2eb51cfd54cb93ff08e28040095462bb63daf552878,부하 집중,1788764874.9358845,1763e50ff634-153,Edge computing reduces latency by processing data closer,21.916666666666664,nano,ok,1788764864.9102633,48.89,13310.481099639892
etri-ser0002-cgnmsb,1788764878.4174085,1788764877.3257954,True,6340.4786586761475,baf6a787fdffd633537aa2eb51cfd54cb93ff08e28040095462bb63daf552878,부하 집중,1788764876.9683833,1763e50ff634-239,Edge computing reduces latency by processing data closer,29.083333333333332,spark,ok,1788764872.0769298,509.262,5258.445604400635
etri-ser0002-cgnmsb,1788764878.432081,1788764877.3257694,True,6855.151414871216,baf6a787fdffd633537aa2eb51cfd54cb93ff08e28040095462bb63daf552878,부하 집중,1788764876.9683833,1763e50ff634-233,Edge computing reduces latency by processing data closer,28.583333333333332,spark,ok,1788764871.5769298,491.823,5779.310616775512
etri-ser0002-cgnmsb,1788764878.4508433,1788764877.3257828,True,6623.913526535034,baf6a787fdffd633537aa2eb51cfd54cb93ff08e28040095462bb63daf552878,부하 집중,1788764876.9683833,1763e50ff634-236,Edge computing reduces latency by processing data closer,28.833333333333332,spark,ok,1788764871.8269298,538.322,5549.136968215942
etri-ser0002-cgnmsb,1788764878.4770377,1788764877.3257606,True,7066.774845123291,baf6a787fdffd633537aa2eb51cfd54cb93ff08e28040095462bb63daf552878,부하 집중,1788764876.9683833,1763e50ff634-231,Edge computing reduces latency by processing data closer,28.416666666666668,spark,ok,1788764871.4102633,494.315,5984.223303009033
etri-ser0002-cgnmsb,1788764878.4931164,1788764877.325787,True,6582.853078842163,baf6a787fdffd633537aa2eb51cfd54cb93ff08e28040095462bb63daf552878,부하 집중,1788764876.9683833,1763e50ff634-237,Edge computing reduces latency by processing data closer,28.916666666666668,spark,ok,1788764871.9102633,515.364,5503.971767471314
etri-ser0002-cgnmsb,1788764878.514773,1788764877.3257785,True,6771.177291870117,baf6a787fdffd633537aa2eb51cfd54cb93ff08e28040095462bb63daf552878,부하 집중,1788764876.9683833,1763e50ff634-235,Edge computing reduces latency by processing data closer,28.75,spark,ok,1788764871.7435966,485.496,5690.792930541992
etri-ser0002-cgnmsb,1788764878.5356781,1788764877.3257916,True,6542.082786560059,baf6a787fdffd633537aa2eb51cfd54cb93ff08e28040095462bb63daf552878,부하 집중,1788764876.9683833,1763e50ff634-238,Edge computing reduces latency by processing data closer,29.0,spark,ok,1788764871.9935966,504.032,5460.8320435638425
etri-ser0002-cgnmsb,1788764878.5573614,1788764878.5252872,True,63.765525817871094,baf6a787fdffd633537aa2eb51cfd54cb93ff08e28040095462bb63daf552878,부하 감소,1788764878.322727,1763e50ff634-261,Edge computing reduces latency by processing data closer,35.5,spark,ok,1788764878.4935966,486.736,43.97059753417969
etri-dev0001-jetorn,1788764878.5920007,1788764875.4573135,True,13598.40440750122,baf6a787fdffd633537aa2eb51cfd54cb93ff08e28040095462bb63daf552878,부하 집중,1788764874.9358845,1763e50ff634-154,Edge computing reduces latency by processing data closer,22.0,nano,ok,1788764864.9935966,49.424,13425.713983795165
etri-dev0001-jetorn,1788764878.790118,1788764875.608354,True,13713.188171386719,baf6a787fdffd633537aa2eb51cfd54cb93ff08e28040095462bb63daf552878,부하 집중,1788764875.4681807,1763e50ff634-155,Edge computing reduces latency by processing data closer,22.083333333333336,nano,ok,1788764865.0769298,49.623,13541.924283981323
etri-dev0001-jetorn,1788764878.99058,1788764875.809751,True,13330.317258834839,baf6a787fdffd633537aa2eb51cfd54cb93ff08e28040095462bb63daf552878,부하 집중,1788764875.4681807,1763e50ff634-162,Edge computing reduces latency by processing data closer,22.666666666666664,nano,ok,1788764865.6602633,49.345,13160.855733840943
etri-ser0002-cgnmsb,1788764879.0694447,1788764879.0368063,True,75.84881782531738,baf6a787fdffd633537aa2eb51cfd54cb93ff08e28040095462bb63daf552878,부하 감소,1788764878.8478885,1763e50ff634-262,Edge computing reduces latency by processing data closer,36.0,spark,ok,1788764878.9935966,498.536,51.78179118347168
etri-dev0001-jetorn,1788764879.1876006,1788764876.0671487,True,12277.33826637268,baf6a787fdffd633537aa2eb51cfd54cb93ff08e28040095462bb63daf552878,부하 집중,1788764875.4681807,1763e50ff634-177,Edge computing reduces latency by processing data closer,23.916666666666664,nano,ok,1788764866.9102633,49.328,12106.743385513306
etri-dev0001-jetorn,1788764879.3870215,1788764876.219232,True,11810.092449188232,baf6a787fdffd633537aa2eb51cfd54cb93ff08e28040095462bb63daf552878,부하 집중,1788764876.0822098,1763e50ff634-185,Edge computing reduces latency by processing data closer,24.583333333333336,nano,ok,1788764867.5769298,49.505,11636.887274703979
etri-dev0001-jetorn,1788764879.5839648,1788764876.395659,True,11173.702239990234,baf6a787fdffd633537aa2eb51cfd54cb93ff08e28040095462bb63daf552878,부하 집중,1788764876.0822098,1763e50ff634-195,Edge computing reduces latency by processing data closer,25.416666666666664,nano,ok,1788764868.4102633,49.635,11001.906669937134
etri-ser0002-cgnmsb,1788764879.5997798,1788764879.5647964,True,106.18424415588379,baf6a787fdffd633537aa2eb51cfd54cb93ff08e28040095462bb63daf552878,부하 감소,1788764879.371175,1763e50ff634-263,Edge computing reduces latency by processing data closer,36.5,spark,ok,1788764879.4935966,505.433,83.01489395141601
etri-dev0001-jetorn,1788764879.7801352,1788764876.604058,True,10453.206062316895,baf6a787fdffd633537aa2eb51cfd54cb93ff08e28040095462bb63daf552878,부하 집중,1788764876.0822098,1763e50ff634-206,Edge computing reduces latency by processing data closer,26.333333333333332,nano,ok,1788764869.3269298,49.726,10286.378219604492
etri-dev0001-jetorn,1788764879.9768257,1788764876.8056793,True,9733.229875564575,baf6a787fdffd633537aa2eb51cfd54cb93ff08e28040095462bb63daf552878,부하 집중,1788764876.6058042,1763e50ff634-217,Edge computing reduces latency by processing data closer,27.25,nano,ok,1788764870.2435966,49.692,9561.520767486572
etri-ser0002-cgnmsb,1788764880.1203508,1788764880.0835714,True,126.7545223236084,baf6a787fdffd633537aa2eb51cfd54cb93ff08e28040095462bb63daf552878,부하 감소,1788764879.8978546,1763e50ff634-264,Edge computing reduces latency by processing data closer,37.0,spark,ok,1788764879.9935966,449.564,102.56488021850586
etri-dev0001-jetorn,1788764880.1748102,1788764877.3258002,True,8014.54758644104,baf6a787fdffd633537aa2eb51cfd54cb93ff08e28040095462bb63daf552878,부하 집중,1788764877.131728,1763e50ff634-240,Edge computing reduces latency by processing data closer,29.166666666666668,nano,ok,1788764872.1602633,49.274,7839.598880493164
etri-dev0001-jetorn,1788764880.3721812,1788764877.325805,True,8128.58510017395,baf6a787fdffd633537aa2eb51cfd54cb93ff08e28040095462bb63daf552878,부하 집중,1788764877.131728,1763e50ff634-241,Edge computing reduces latency by processing data closer,29.25,nano,ok,1788764872.2435966,49.495,7954.116395004272
etri-ser0002-cgnmsb,1788764880.5563257,1788764880.510758,True,62.73007392883301,baf6a787fdffd633537aa2eb51cfd54cb93ff08e28040095462bb63daf552878,부하 감소,1788764880.4202027,1763e50ff634-265,Edge computing reduces latency by processing data closer,37.5,spark,ok,1788764880.4935966,478.44,28.81536932373047
etri-dev0001-jetorn,1788764880.59118,1788764877.401128,True,8097.583770751953,baf6a787fdffd633537aa2eb51cfd54cb93ff08e28040095462bb63daf552878,부하 집중,1788764877.131728,1763e50ff634-244,Edge computing reduces latency by processing data closer,29.5,nano,ok,1788764872.4935966,49.392,7904.622499862671
etri-dev0001-jetorn,1788764880.7651355,1788764877.583042,True,5771.539688110352,baf6a787fdffd633537aa2eb51cfd54cb93ff08e28040095462bb63daf552878,부하 감소,1788764877.131728,1763e50ff634-254,Edge computing reduces latency by processing data closer,32.0,nano,ok,1788764874.9935966,49.648,5596.564352554322
etri-dev0001-jetorn,1788764881.2129169,1788764881.0049205,True,219.32053565979004,baf6a787fdffd633537aa2eb51cfd54cb93ff08e28040095462bb63daf552878,부하 감소,1788764880.634557,1763e50ff634-266,Edge computing reduces latency by processing data closer,38.0,nano,ok,1788764880.9935966,48.149,42.859928833007814
etri-dev0001-jetorn,1788764881.7261755,1788764881.5147204,True,232.57923126220703,baf6a787fdffd633537aa2eb51cfd54cb93ff08e28040095462bb63daf552878,부하 감소,1788764881.15866,1763e50ff634-267,Edge computing reduces latency by processing data closer,38.5,nano,ok,1788764881.4935966,49.346,60.581886108398436
etri-dev0001-jetorn,1788764882.2869658,1788764882.063451,True,293.37024688720703,baf6a787fdffd633537aa2eb51cfd54cb93ff08e28040095462bb63daf552878,부하 감소,1788764881.7124765,1763e50ff634-268,Edge computing reduces latency by processing data closer,39.0,nano,ok,1788764881.9935966,48.934,113.8874979095459
etri-dev0001-jetorn,1788764882.8375123,1788764882.5982985,True,343.9159393310547,baf6a787fdffd633537aa2eb51cfd54cb93ff08e28040095462bb63daf552878,부하 감소,1788764882.2415292,1763e50ff634-269,Edge computing reduces latency by processing data closer,39.5,nano,ok,1788764882.4935966,46.271,157.46999584960938
