actual_input_tokens,actual_output_tokens,cache_prompt,case,completed_at,concurrency,decode_tokens_per_second,fallback,first_at,generator_delay_ms,ignore_eos,input_tokens,input_tokens_requested,latency_ms,offered_rps,output_tokens_requested,partial_response,pattern,phase,planned_at,pure_network_ms,reason,request_id,requester,retry,run_id,selected_node,sent_at,server_timings,status,stop_type,target_output_tokens,tokens_cached,ttft_ms,zero_prefix_reuse_verified
512,128,False,i512-o128-c1,1788845479.4956627,1,464.04560070154923,False,1788845479.2215557,3.1833648681640625,True,512,512,298.0389790609479,,128,True,wave,measure,1788845479.1944406,,,i512-o128-c1-0,etri-ser0002-CGNMSB,False,sweep-rtx5080-c,etri-ser0002-cgnmsb,1788845479.197624,"{'cache_n': 0, 'prompt_n': 512, 'prompt_ms': 22.811, 'prompt_per_token_ms': 0.044552734375, 'prompt_per_second': 22445.31147253518, 'predicted_n': 128, 'predicted_ms': 273.68, 'predicted_per_token_ms': 2.15496062992126, 'predicted_per_second': 464.04560070154923}",ok,limit,128,639,23.931829957291484,True
512,128,False,i512-o128-c2,1788845479.7929661,2,467.33270776986626,False,1788845479.521278,0.7333755493164062,True,512,512,296.1792529094964,,128,True,wave,measure,1788845479.4960532,,,i512-o128-c2-1,etri-ser0002-CGNMSB,False,sweep-rtx5080-c,etri-ser0002-cgnmsb,1788845479.4967866,"{'cache_n': 0, 'prompt_n': 512, 'prompt_ms': 22.729, 'prompt_per_token_ms': 0.044392578125, 'prompt_per_second': 22526.28800211184, 'predicted_n': 128, 'predicted_ms': 271.755, 'predicted_per_token_ms': 2.139803149606299, 'predicted_per_second': 467.33270776986626}",ok,limit,128,639,24.4923559948802,True
512,128,False,i512-o128-c2,1788845480.089394,2,464.457992151757,False,1788845479.8157396,0.15735626220703125,True,512,512,593.1827810127288,,128,True,wave,measure,1788845479.4960532,,,i512-o128-c2-0,etri-ser0002-CGNMSB,False,sweep-rtx5080-c,etri-ser0002-cgnmsb,1788845479.4962106,"{'cache_n': 0, 'prompt_n': 512, 'prompt_ms': 22.965, 'prompt_per_token_ms': 0.044853515625, 'prompt_per_second': 22294.79642934901, 'predicted_n': 128, 'predicted_ms': 273.437, 'predicted_per_token_ms': 2.153047244094488, 'predicted_per_second': 464.457992151757}",ok,limit,128,639,319.52843395993114,True
512,128,False,i512-o128-c4,1788845480.3871746,4,465.984934376846,False,1788845480.1144943,0.7495880126953125,True,512,512,296.4083910919726,,128,True,wave,measure,1788845480.0900166,,,i512-o128-c4-2,etri-ser0002-CGNMSB,False,sweep-rtx5080-c,etri-ser0002-cgnmsb,1788845480.0907662,"{'cache_n': 0, 'prompt_n': 512, 'prompt_ms': 22.639, 'prompt_per_token_ms': 0.044216796875, 'prompt_per_second': 22615.839922258052, 'predicted_n': 128, 'predicted_ms': 272.541, 'predicted_per_token_ms': 2.145992125984252, 'predicted_per_second': 465.984934376846}",ok,limit,128,639,23.72840791940689,True
512,128,False,i512-o128-c4,1788845480.6803124,4,470.08135738768016,False,1788845480.4097764,0.2689361572265625,True,512,512,590.0265250820667,,128,True,wave,measure,1788845480.0900166,,,i512-o128-c4-0,etri-ser0002-CGNMSB,False,sweep-rtx5080-c,etri-ser0002-cgnmsb,1788845480.0902855,"{'cache_n': 0, 'prompt_n': 512, 'prompt_ms': 22.338, 'prompt_per_token_ms': 0.04362890625, 'prompt_per_second': 22920.583758617602, 'predicted_n': 128, 'predicted_ms': 270.166, 'predicted_per_token_ms': 2.127291338582677, 'predicted_per_second': 470.08135738768016}",ok,limit,128,639,319.49070608243346,True
512,128,False,i512-o128-c4,1788845480.9727197,4,470.2832808739122,False,1788845480.7023609,0.4665851593017578,True,512,512,882.235764991492,,128,True,wave,measure,1788845480.0900166,,,i512-o128-c4-1,etri-ser0002-CGNMSB,False,sweep-rtx5080-c,etri-ser0002-cgnmsb,1788845480.0904832,"{'cache_n': 0, 'prompt_n': 512, 'prompt_ms': 22.432, 'prompt_per_token_ms': 0.0438125, 'prompt_per_second': 22824.53637660485, 'predicted_n': 128, 'predicted_ms': 270.05, 'predicted_per_token_ms': 2.1263779527559055, 'predicted_per_second': 470.2832808739122}",ok,limit,128,639,611.8771338369697,True
512,128,False,i512-o128-c4,1788845481.2667475,4,467.7613017760197,False,1788845480.9952347,1.0106563568115234,True,512,512,1175.7201959844679,,128,True,wave,measure,1788845480.0900166,,,i512-o128-c4-3,etri-ser0002-CGNMSB,False,sweep-rtx5080-c,etri-ser0002-cgnmsb,1788845480.0910273,"{'cache_n': 0, 'prompt_n': 512, 'prompt_ms': 22.551, 'prompt_per_token_ms': 0.044044921875, 'prompt_per_second': 22704.092944880496, 'predicted_n': 128, 'predicted_ms': 271.506, 'predicted_per_token_ms': 2.137842519685039, 'predicted_per_second': 467.7613017760197}",ok,limit,128,639,904.2075530160218,True
512,128,False,i512-o128-c8,1788845481.5664797,8,460.8044121115364,False,1788845481.2906227,0.09942054748535156,True,512,512,298.957641934976,,128,True,wave,measure,1788845481.2674227,,,i512-o128-c8-0,etri-ser0002-CGNMSB,False,sweep-rtx5080-c,etri-ser0002-cgnmsb,1788845481.267522,"{'cache_n': 0, 'prompt_n': 512, 'prompt_ms': 22.421, 'prompt_per_token_ms': 0.043791015625, 'prompt_per_second': 22835.734356183937, 'predicted_n': 128, 'predicted_ms': 275.605, 'predicted_per_token_ms': 2.1701181102362206, 'predicted_per_second': 460.8044121115364}",ok,limit,128,639,23.100649006664753,True
512,128,False,i512-o128-c8,1788845481.8657653,8,459.95661196683966,False,1788845481.5893345,0.5121231079101562,True,512,512,597.8306659962982,,128,True,wave,measure,1788845481.2674227,,,i512-o128-c8-1,etri-ser0002-CGNMSB,False,sweep-rtx5080-c,etri-ser0002-cgnmsb,1788845481.2679348,"{'cache_n': 0, 'prompt_n': 512, 'prompt_ms': 22.748, 'prompt_per_token_ms': 0.0444296875, 'prompt_per_second': 22507.473184455775, 'predicted_n': 128, 'predicted_ms': 276.113, 'predicted_per_token_ms': 2.1741181102362206, 'predicted_per_second': 459.95661196683966}",ok,limit,128,639,321.40005519613624,True
512,128,False,i512-o128-c8,1788845482.164839,8,459.8317088360103,False,1788845481.888341,1.0209083557128906,True,512,512,896.3952118065208,,128,True,wave,measure,1788845481.2674227,,,i512-o128-c8-3,etri-ser0002-CGNMSB,False,sweep-rtx5080-c,etri-ser0002-cgnmsb,1788845481.2684436,"{'cache_n': 0, 'prompt_n': 512, 'prompt_ms': 22.677, 'prompt_per_token_ms': 0.044291015625, 'prompt_per_second': 22577.94240860784, 'predicted_n': 128, 'predicted_ms': 276.188, 'predicted_per_token_ms': 2.1747086614173226, 'predicted_per_second': 459.8317088360103}",ok,limit,128,639,619.8974498547614,True
512,128,False,i512-o128-c8,1788845482.4631948,8,460.8278209375488,False,1788845482.1876445,1.615285873413086,True,512,512,1194.1565121524036,,128,True,wave,measure,1788845481.2674227,,,i512-o128-c8-5,etri-ser0002-CGNMSB,False,sweep-rtx5080-c,etri-ser0002-cgnmsb,1788845481.269038,"{'cache_n': 0, 'prompt_n': 512, 'prompt_ms': 22.527, 'prompt_per_token_ms': 0.043998046875, 'prompt_per_second': 22728.28161761442, 'predicted_n': 128, 'predicted_ms': 275.591, 'predicted_per_token_ms': 2.1700078740157482, 'predicted_per_second': 460.8278209375488}",ok,limit,128,639,918.6065271496773,True
512,128,False,i512-o128-c8,1788845482.7731204,8,442.551886595208,False,1788845482.4860358,1.9865036010742188,True,512,512,1503.7112219724804,,128,True,wave,measure,1788845481.2674227,,,i512-o128-c8-6,etri-ser0002-CGNMSB,False,sweep-rtx5080-c,etri-ser0002-cgnmsb,1788845481.2694092,"{'cache_n': 0, 'prompt_n': 512, 'prompt_ms': 22.793, 'prompt_per_token_ms': 0.044517578125, 'prompt_per_second': 22463.03689729303, 'predicted_n': 128, 'predicted_ms': 286.972, 'predicted_per_token_ms': 2.259622047244094, 'predicted_per_second': 442.551886595208}",ok,limit,128,639,1216.6263330727816,True
512,128,False,i512-o128-c8,1788845483.0662084,8,470.6632274896973,False,1788845482.795883,2.5048255920410156,True,512,512,1796.280771959573,,128,True,wave,measure,1788845481.2674227,,,i512-o128-c8-7,etri-ser0002-CGNMSB,False,sweep-rtx5080-c,etri-ser0002-cgnmsb,1788845481.2699275,"{'cache_n': 0, 'prompt_n': 512, 'prompt_ms': 22.561, 'prompt_per_token_ms': 0.044064453125, 'prompt_per_second': 22694.029519968088, 'predicted_n': 128, 'predicted_ms': 269.832, 'predicted_per_token_ms': 2.1246614173228346, 'predicted_per_second': 470.6632274896973}",ok,limit,128,639,1525.9559319820255,True
512,128,False,i512-o128-c8,1788845483.35841,8,470.67194906365927,False,1788845483.0884647,0.7870197296142578,True,512,512,2090.2002579532564,,128,True,wave,measure,1788845481.2674227,,,i512-o128-c8-2,etri-ser0002-CGNMSB,False,sweep-rtx5080-c,etri-ser0002-cgnmsb,1788845481.2682097,"{'cache_n': 0, 'prompt_n': 512, 'prompt_ms': 22.561, 'prompt_per_token_ms': 0.044064453125, 'prompt_per_second': 22694.029519968088, 'predicted_n': 128, 'predicted_ms': 269.827, 'predicted_per_token_ms': 2.1246220472440944, 'predicted_per_second': 470.67194906365927}",ok,limit,128,639,1820.2550730202347,True
512,128,False,i512-o128-c8,1788845483.6506152,8,471.34623164254884,False,1788845483.3811789,1.1534690856933594,True,512,512,2382.038975832984,,128,True,wave,measure,1788845481.2674227,,,i512-o128-c8-4,etri-ser0002-CGNMSB,False,sweep-rtx5080-c,etri-ser0002-cgnmsb,1788845481.2685761,"{'cache_n': 0, 'prompt_n': 512, 'prompt_ms': 22.574, 'prompt_per_token_ms': 0.04408984375, 'prompt_per_second': 22680.960396916806, 'predicted_n': 128, 'predicted_ms': 269.441, 'predicted_per_token_ms': 2.121582677165354, 'predicted_per_second': 471.34623164254884}",ok,limit,128,639,2112.6026359852403,True
128,128,False,i128-o128-c1,1788845483.94438,1,457.2654804167957,False,1788845483.6664877,0.21505355834960938,True,128,128,284.7660679835826,,128,True,wave,measure,1788845483.6593988,,,i128-o128-c1-0,etri-ser0002-CGNMSB,False,sweep-rtx5080-c,etri-ser0002-cgnmsb,1788845483.6596138,"{'cache_n': 0, 'prompt_n': 128, 'prompt_ms': 5.93, 'prompt_per_token_ms': 0.046328125, 'prompt_per_second': 21585.16020236088, 'predicted_n': 128, 'predicted_ms': 277.738, 'predicted_per_token_ms': 2.1869133858267715, 'predicted_per_second': 457.2654804167957}",ok,limit,128,255,6.873740116134286,True
2048,128,False,i2048-o128-c1,1788845484.4178314,1,419.0561667249606,False,1788845484.1150088,0.11301040649414062,True,2048,2048,415.81976995803416,,128,True,wave,measure,1788845484.0018983,,,i2048-o128-c1-0,etri-ser0002-CGNMSB,False,sweep-rtx5080-c,etri-ser0002-cgnmsb,1788845484.0020113,"{'cache_n': 0, 'prompt_n': 2048, 'prompt_ms': 111.385, 'prompt_per_token_ms': 0.05438720703125, 'prompt_per_second': 18386.67684158549, 'predicted_n': 128, 'predicted_ms': 303.062, 'predicted_per_token_ms': 2.3863149606299214, 'predicted_per_second': 419.0561667249606}",ok,limit,128,2175,112.9979700781405,True
512,64,False,i512-o64-c1,1788845484.6059914,1,433.01052284302335,False,1788845484.4604294,0.09655952453613281,True,512,512,169.59942714311182,,64,True,wave,measure,1788845484.4362953,,,i512-o64-c1-0,etri-ser0002-CGNMSB,False,sweep-rtx5080-c,etri-ser0002-cgnmsb,1788845484.4363918,"{'cache_n': 0, 'prompt_n': 512, 'prompt_ms': 22.983, 'prompt_per_token_ms': 0.044888671875, 'prompt_per_second': 22277.33542183353, 'predicted_n': 64, 'predicted_ms': 145.493, 'predicted_per_token_ms': 2.3094126984126984, 'predicted_per_second': 433.01052284302335}",ok,limit,64,575,24.037771159783006,True
512,256,False,i512-o256-c1,1788845485.200486,1,460.7770327043275,False,1788845484.6472077,0.14209747314453125,True,512,512,577.3349930532277,,256,True,wave,measure,1788845484.6230085,,,i512-o256-c1-0,etri-ser0002-CGNMSB,False,sweep-rtx5080-c,etri-ser0002-cgnmsb,1788845484.6231506,"{'cache_n': 0, 'prompt_n': 512, 'prompt_ms': 22.824, 'prompt_per_token_ms': 0.044578125, 'prompt_per_second': 22432.52716438836, 'predicted_n': 256, 'predicted_ms': 553.413, 'predicted_per_token_ms': 2.1702470588235294, 'predicted_per_second': 460.7770327043275}",ok,limit,256,767,24.05724418349564,True
128,64,False,i128-o64-c4,1788845485.3553855,4,454.22756079799854,False,1788845485.216583,0.21600723266601562,True,128,128,146.08281198889017,,64,True,wave,measure,1788845485.2090864,,,i128-o64-c4-1,etri-ser0002-CGNMSB,False,sweep-rtx5080-c,etri-ser0002-cgnmsb,1788845485.2093024,"{'cache_n': 0, 'prompt_n': 128, 'prompt_ms': 5.926, 'prompt_per_token_ms': 0.046296875, 'prompt_per_second': 21599.730003374956, 'predicted_n': 64, 'predicted_ms': 138.697, 'predicted_per_token_ms': 2.2015396825396825, 'predicted_per_second': 454.22756079799854}",ok,limit,64,191,7.280177902430296,True
128,64,False,i128-o64-c4,1788845485.4986331,4,458.96957687376147,False,1788845485.3611147,0.09083747863769531,True,128,128,289.4557600375265,,64,True,wave,measure,1788845485.2090864,,,i128-o64-c4-0,etri-ser0002-CGNMSB,False,sweep-rtx5080-c,etri-ser0002-cgnmsb,1788845485.2091773,"{'cache_n': 0, 'prompt_n': 128, 'prompt_ms': 5.863, 'prompt_per_token_ms': 0.0458046875, 'prompt_per_second': 21831.826709875488, 'predicted_n': 64, 'predicted_ms': 137.264, 'predicted_per_token_ms': 2.178793650793651, 'predicted_per_second': 458.96957687376147}",ok,limit,64,191,151.93712105974555,True
128,64,False,i128-o64-c4,1788845485.6510813,4,430.74861374156444,False,1788845485.504558,0.5283355712890625,True,128,128,441.4662360213697,,64,True,wave,measure,1788845485.2090864,,,i128-o64-c4-3,etri-ser0002-CGNMSB,False,sweep-rtx5080-c,etri-ser0002-cgnmsb,1788845485.2096148,"{'cache_n': 0, 'prompt_n': 128, 'prompt_ms': 5.925, 'prompt_per_token_ms': 0.0462890625, 'prompt_per_second': 21603.37552742616, 'predicted_n': 64, 'predicted_ms': 146.257, 'predicted_per_token_ms': 2.3215396825396826, 'predicted_per_second': 430.74861374156444}",ok,limit,64,191,294.94697879999876,True
128,64,False,i128-o64-c4,1788845485.7974803,4,447.7484648624062,False,1788845485.6568096,0.26988983154296875,True,128,128,588.1239960435778,,64,True,wave,measure,1788845485.2090864,,,i128-o64-c4-2,etri-ser0002-CGNMSB,False,sweep-rtx5080-c,etri-ser0002-cgnmsb,1788845485.2093563,"{'cache_n': 0, 'prompt_n': 128, 'prompt_ms': 5.926, 'prompt_per_token_ms': 0.046296875, 'prompt_per_second': 21599.730003374956, 'predicted_n': 64, 'predicted_ms': 140.704, 'predicted_per_token_ms': 2.2333968253968255, 'predicted_per_second': 447.7484648624062}",ok,limit,64,191,447.4530699662864,True
2048,256,False,i2048-o256-c1,1788845486.565005,1,425.6008064718027,False,1788845485.9658809,0.14710426330566406,True,2048,2048,712.2627440840006,,256,True,wave,measure,1788845485.852595,,,i2048-o256-c1-0,etri-ser0002-CGNMSB,False,sweep-rtx5080-c,etri-ser0002-cgnmsb,1788845485.8527422,"{'cache_n': 0, 'prompt_n': 2048, 'prompt_ms': 111.836, 'prompt_per_token_ms': 0.054607421875, 'prompt_per_second': 18312.529060409885, 'predicted_n': 256, 'predicted_ms': 599.153, 'predicted_per_token_ms': 2.3496196078431373, 'predicted_per_second': 425.6008064718027}",ok,limit,256,2303,113.1386561319232,True
512,128,False,rate-0.5,1788845486.8800135,8,436.76982917828803,False,1788845486.5891714,0.10633468627929688,True,512,512,314.4124869722873,1.6776329108876453,128,True,open-loop,measure,1788845486.5654948,,,rate-0.5-0,etri-ser0002-CGNMSB,False,sweep-rtx5080-c,etri-ser0002-cgnmsb,1788845486.565601,"{'cache_n': 0, 'prompt_n': 512, 'prompt_ms': 22.825, 'prompt_per_token_ms': 0.044580078125, 'prompt_per_second': 22431.544359255204, 'predicted_n': 128, 'predicted_ms': 290.771, 'predicted_per_token_ms': 2.289535433070866, 'predicted_per_second': 436.76982917828803}",ok,limit,128,639,23.570521036162972,True
512,128,False,rate-0.5,1788845487.4819922,8,436.71425820472615,False,1788845487.191338,0.5519390106201172,True,512,512,319.86681488342583,1.6776329108876453,128,True,open-loop,measure,1788845487.1615727,,,rate-0.5-1,etri-ser0002-CGNMSB,False,sweep-rtx5080-c,etri-ser0002-cgnmsb,1788845487.1621246,"{'cache_n': 0, 'prompt_n': 512, 'prompt_ms': 26.062, 'prompt_per_token_ms': 0.05090234375, 'prompt_per_second': 19645.460824188474, 'predicted_n': 128, 'predicted_ms': 290.808, 'predicted_per_token_ms': 2.2898267716535434, 'predicted_per_second': 436.71425820472615}",ok,limit,128,639,29.213150031864643,True
512,128,False,rate-0.5,1788845488.061516,8,464.240674062837,False,1788845487.7879174,0.24318695068359375,True,512,512,303.62063902430236,1.6776329108876453,128,True,open-loop,measure,1788845487.7576506,,,rate-0.5-2,etri-ser0002-CGNMSB,False,sweep-rtx5080-c,etri-ser0002-cgnmsb,1788845487.7578938,"{'cache_n': 0, 'prompt_n': 512, 'prompt_ms': 27.174, 'prompt_per_token_ms': 0.05307421875, 'prompt_per_second': 18841.539707072938, 'predicted_n': 128, 'predicted_ms': 273.565, 'predicted_per_token_ms': 2.1540551181102363, 'predicted_per_second': 464.240674062837}",ok,limit,128,639,30.022185062989593,True
512,128,False,rate-0.5,1788845488.6545162,8,467.8578006999448,False,1788845488.382794,0.5075931549072266,True,512,512,300.27944780886173,1.6776329108876453,128,True,open-loop,measure,1788845488.3537285,,,rate-0.5-3,etri-ser0002-CGNMSB,False,sweep-rtx5080-c,etri-ser0002-cgnmsb,1788845488.3542361,"{'cache_n': 0, 'prompt_n': 512, 'prompt_ms': 25.531, 'prompt_per_token_ms': 0.049865234375, 'prompt_per_second': 20054.051936861073, 'predicted_n': 128, 'predicted_ms': 271.45, 'predicted_per_token_ms': 2.1374015748031496, 'predicted_per_second': 467.8578006999448}",ok,limit,128,639,28.557237004861236,True
512,128,False,rate-0.5,1788845489.2516508,8,466.1936208561077,False,1788845488.979131,0.3402233123779297,True,512,512,301.50257097557187,1.6776329108876453,128,True,open-loop,measure,1788845488.9498067,,,rate-0.5-4,etri-ser0002-CGNMSB,False,sweep-rtx5080-c,etri-ser0002-cgnmsb,1788845488.950147,"{'cache_n': 0, 'prompt_n': 512, 'prompt_ms': 25.73, 'prompt_per_token_ms': 0.05025390625, 'prompt_per_second': 19898.950641274776, 'predicted_n': 128, 'predicted_ms': 272.419, 'predicted_per_token_ms': 2.145031496062992, 'predicted_per_second': 466.1936208561077}",ok,limit,128,639,28.98304699920118,True
512,128,False,rate-0.5,1788845489.8480966,8,466.41619749604286,False,1788845489.5757642,0.4200935363769531,True,512,512,301.79053312167525,1.6776329108876453,128,True,open-loop,measure,1788845489.5458846,,,rate-0.5-5,etri-ser0002-CGNMSB,False,sweep-rtx5080-c,etri-ser0002-cgnmsb,1788845489.5463047,"{'cache_n': 0, 'prompt_n': 512, 'prompt_ms': 26.062, 'prompt_per_token_ms': 0.05090234375, 'prompt_per_second': 19645.460824188474, 'predicted_n': 128, 'predicted_ms': 272.289, 'predicted_per_token_ms': 2.144007874015748, 'predicted_per_second': 466.41619749604286}",ok,limit,128,639,29.45884899236262,True
512,128,False,rate-0.5,1788845490.4519203,8,452.3871436560718,False,1788845490.171536,0.5290508270263672,True,512,512,309.42680197767913,1.6776329108876453,128,True,open-loop,measure,1788845490.1419625,,,rate-0.5-6,etri-ser0002-CGNMSB,False,sweep-rtx5080-c,etri-ser0002-cgnmsb,1788845490.1424916,"{'cache_n': 0, 'prompt_n': 512, 'prompt_ms': 25.912, 'prompt_per_token_ms': 0.050609375, 'prompt_per_second': 19759.184933621487, 'predicted_n': 128, 'predicted_ms': 280.733, 'predicted_per_token_ms': 2.210496062992126, 'predicted_per_second': 452.3871436560718}",ok,limit,128,639,29.042256996035576,True
512,128,False,rate-0.5,1788845491.0431507,8,466.7847717900277,False,1788845490.7709763,0.6530284881591797,True,512,512,304.45557995699346,1.6776329108876453,128,True,open-loop,measure,1788845490.7380404,,,rate-0.5-7,etri-ser0002-CGNMSB,False,sweep-rtx5080-c,etri-ser0002-cgnmsb,1788845490.7386935,"{'cache_n': 0, 'prompt_n': 512, 'prompt_ms': 29.22, 'prompt_per_token_ms': 0.0570703125, 'prompt_per_second': 17522.24503764545, 'predicted_n': 128, 'predicted_ms': 272.074, 'predicted_per_token_ms': 2.142314960629921, 'predicted_per_second': 466.7847717900277}",ok,limit,128,639,32.281575025990605,True
512,128,False,rate-0.5,1788845491.6364923,8,467.2003296153507,False,1788845491.3649523,0.5481243133544922,True,512,512,301.8245850689709,1.6776329108876453,128,True,open-loop,measure,1788845491.3341184,,,rate-0.5-8,etri-ser0002-CGNMSB,False,sweep-rtx5080-c,etri-ser0002-cgnmsb,1788845491.3346665,"{'cache_n': 0, 'prompt_n': 512, 'prompt_ms': 26.626, 'prompt_per_token_ms': 0.05200390625, 'prompt_per_second': 19229.324720198303, 'predicted_n': 128, 'predicted_ms': 271.832, 'predicted_per_token_ms': 2.1404094488188976, 'predicted_per_second': 467.2003296153507}",ok,limit,128,639,30.285401036962867,True
512,128,False,rate-0.5,1788845492.228956,8,470.0796174218169,False,1788845491.9587064,0.2231597900390625,True,512,512,298.5360538586974,1.6776329108876453,128,True,open-loop,measure,1788845491.9301963,,,rate-0.5-9,etri-ser0002-CGNMSB,False,sweep-rtx5080-c,etri-ser0002-cgnmsb,1788845491.9304194,"{'cache_n': 0, 'prompt_n': 512, 'prompt_ms': 26.094, 'prompt_per_token_ms': 0.05096484375, 'prompt_per_second': 19621.368897064458, 'predicted_n': 128, 'predicted_ms': 270.167, 'predicted_per_token_ms': 2.127299212598425, 'predicted_per_second': 470.0796174218169}",ok,limit,128,639,28.286677785217762,True
512,128,False,rate-0.5,1788845492.8336775,8,460.7358713712515,False,1788845492.5575354,0.5261898040771484,True,512,512,306.87669897451997,1.6776329108876453,128,True,open-loop,measure,1788845492.5262744,,,rate-0.5-10,etri-ser0002-CGNMSB,False,sweep-rtx5080-c,etri-ser0002-cgnmsb,1788845492.5268006,"{'cache_n': 0, 'prompt_n': 512, 'prompt_ms': 27.747, 'prompt_per_token_ms': 0.054193359375, 'prompt_per_second': 18452.445309402818, 'predicted_n': 128, 'predicted_ms': 275.646, 'predicted_per_token_ms': 2.1704409448818898, 'predicted_per_second': 460.7358713712515}",ok,limit,128,639,30.7344370521605,True
512,128,False,rate-0.5,1788845493.4307194,8,453.6589199345588,False,1788845493.151024,0.5068778991699219,True,512,512,307.8593211248517,1.6776329108876453,128,True,open-loop,measure,1788845493.1223524,,,rate-0.5-11,etri-ser0002-CGNMSB,False,sweep-rtx5080-c,etri-ser0002-cgnmsb,1788845493.1228592,"{'cache_n': 0, 'prompt_n': 512, 'prompt_ms': 24.869, 'prompt_per_token_ms': 0.048572265625, 'prompt_per_second': 20587.880493787445, 'predicted_n': 128, 'predicted_ms': 279.946, 'predicted_per_token_ms': 2.2042992125984253, 'predicted_per_second': 453.6589199345588}",ok,limit,128,639,28.164886170998216,True
512,128,False,rate-0.5,1788845494.0177321,8,467.3791438497321,False,1788845493.7462468,0.2892017364501953,True,512,512,299.0118279121816,1.6776329108876453,128,True,open-loop,measure,1788845493.7184303,,,rate-0.5-12,etri-ser0002-CGNMSB,False,sweep-rtx5080-c,etri-ser0002-cgnmsb,1788845493.7187195,"{'cache_n': 0, 'prompt_n': 512, 'prompt_ms': 26.062, 'prompt_per_token_ms': 0.05090234375, 'prompt_per_second': 19645.460824188474, 'predicted_n': 128, 'predicted_ms': 271.728, 'predicted_per_token_ms': 2.1395905511811026, 'predicted_per_second': 467.3791438497321}",ok,limit,128,639,27.52671600319445,True
512,128,False,rate-0.5,1788845494.6143794,8,465.1503497784127,False,1788845494.3412266,0.4913806915283203,True,512,512,299.3793380446732,1.6776329108876453,128,True,open-loop,measure,1788845494.3145082,,,rate-0.5-13,etri-ser0002-CGNMSB,False,sweep-rtx5080-c,etri-ser0002-cgnmsb,1788845494.3149996,"{'cache_n': 0, 'prompt_n': 512, 'prompt_ms': 23.243, 'prompt_per_token_ms': 0.045396484375, 'prompt_per_second': 22028.137503764574, 'predicted_n': 128, 'predicted_ms': 273.03, 'predicted_per_token_ms': 2.149842519685039, 'predicted_per_second': 465.1503497784127}",ok,limit,128,639,26.226478861644864,True
512,128,False,rate-0.5,1788845495.2130253,8,465.54252199413486,False,1788845494.94009,0.4181861877441406,True,512,512,302.0195169374347,1.6776329108876453,128,True,open-loop,measure,1788845494.910586,,,rate-0.5-14,etri-ser0002-CGNMSB,False,sweep-rtx5080-c,etri-ser0002-cgnmsb,1788845494.9110043,"{'cache_n': 0, 'prompt_n': 512, 'prompt_ms': 25.688, 'prompt_per_token_ms': 0.050171875, 'prompt_per_second': 19931.485518530055, 'predicted_n': 128, 'predicted_ms': 272.8, 'predicted_per_token_ms': 2.148031496062992, 'predicted_per_second': 465.54252199413486}",ok,limit,128,639,29.084796085953712,True
512,128,False,rate-0.5,1788845495.808948,8,464.8098671448962,False,1788845495.5358434,0.5254745483398438,True,512,512,301.7573088873178,1.6776329108876453,128,True,open-loop,measure,1788845495.506664,,,rate-0.5-15,etri-ser0002-CGNMSB,False,sweep-rtx5080-c,etri-ser0002-cgnmsb,1788845495.5071895,"{'cache_n': 0, 'prompt_n': 512, 'prompt_ms': 25.777, 'prompt_per_token_ms': 0.050345703125, 'prompt_per_second': 19862.66827016332, 'predicted_n': 128, 'predicted_ms': 273.23, 'predicted_per_token_ms': 2.1514173228346456, 'predicted_per_second': 464.8098671448962}",ok,limit,128,639,28.65358581766486,True
512,128,False,rate-0.5,1788845496.406341,8,466.23298433163484,False,1788845496.1334615,0.4482269287109375,True,512,512,303.1488200649619,1.6776329108876453,128,True,open-loop,measure,1788845496.1027422,,,rate-0.5-16,etri-ser0002-CGNMSB,False,sweep-rtx5080-c,etri-ser0002-cgnmsb,1788845496.1031904,"{'cache_n': 0, 'prompt_n': 512, 'prompt_ms': 27.213, 'prompt_per_token_ms': 0.053150390625, 'prompt_per_second': 18814.537169735053, 'predicted_n': 128, 'predicted_ms': 272.396, 'predicted_per_token_ms': 2.1448503937007874, 'predicted_per_second': 466.23298433163484}",ok,limit,128,639,30.268999049440026,True
512,128,False,rate-1.2,1788845496.704766,8,468.01124701044,False,1788845496.4322033,0.46706199645996094,True,512,512,297.300353879109,4.026318986130349,128,True,open-loop,measure,1788845496.4069974,,,rate-1.2-0,etri-ser0002-CGNMSB,False,sweep-rtx5080-c,etri-ser0002-cgnmsb,1788845496.4074645,"{'cache_n': 0, 'prompt_n': 512, 'prompt_ms': 22.674, 'prompt_per_token_ms': 0.04428515625, 'prompt_per_second': 22580.92969921496, 'predicted_n': 128, 'predicted_ms': 271.361, 'predicted_per_token_ms': 2.136700787401575, 'predicted_per_second': 468.01124701044}",ok,limit,128,639,24.738149950280786,True
512,128,False,rate-1.2,1788845496.9976199,8,468.25110057443726,False,1788845496.7260976,0.3268718719482422,True,512,512,341.92909696139395,4.026318986130349,128,True,open-loop,measure,1788845496.6553633,,,rate-1.2-1,etri-ser0002-CGNMSB,False,sweep-rtx5080-c,etri-ser0002-cgnmsb,1788845496.6556902,"{'cache_n': 0, 'prompt_n': 512, 'prompt_ms': 22.51, 'prompt_per_token_ms': 0.04396484375, 'prompt_per_second': 22745.44646823634, 'predicted_n': 128, 'predicted_ms': 271.222, 'predicted_per_token_ms': 2.1356062992125984, 'predicted_per_second': 468.25110057443726}",ok,limit,128,639,70.40690397843719,True
512,128,False,rate-1.2,1788845497.3115184,8,436.59415307609805,False,1788845497.0205,0.12826919555664062,True,512,512,407.6612719800323,4.026318986130349,128,True,open-loop,measure,1788845496.903729,,,rate-1.2-2,etri-ser0002-CGNMSB,False,sweep-rtx5080-c,etri-ser0002-cgnmsb,1788845496.9038572,"{'cache_n': 0, 'prompt_n': 512, 'prompt_ms': 23.014, 'prompt_per_token_ms': 0.04494921875, 'prompt_per_second': 22247.327713565657, 'predicted_n': 128, 'predicted_ms': 290.888, 'predicted_per_token_ms': 2.2904566929133856, 'predicted_per_second': 436.59415307609805}",ok,limit,128,639,116.64290097542107,True
512,128,False,rate-1.2,1788845497.6249905,8,437.1486890702501,False,1788845497.3343477,0.1862049102783203,True,512,512,472.7095109410584,4.026318986130349,128,True,open-loop,measure,1788845497.1520948,,,rate-1.2-3,etri-ser0002-CGNMSB,False,sweep-rtx5080-c,etri-ser0002-cgnmsb,1788845497.152281,"{'cache_n': 0, 'prompt_n': 512, 'prompt_ms': 22.82, 'prompt_per_token_ms': 0.0445703125, 'prompt_per_second': 22436.459246275197, 'predicted_n': 128, 'predicted_ms': 290.519, 'predicted_per_token_ms': 2.287551181102362, 'predicted_per_second': 437.1486890702501}",ok,limit,128,639,182.06700892187655,True
512,128,False,rate-1.2,1788845497.9365237,8,440.0722134246281,False,1788845497.6476412,0.2665519714355469,True,512,512,535.7962660491467,4.026318986130349,128,True,open-loop,measure,1788845497.4004607,,,rate-1.2-4,etri-ser0002-CGNMSB,False,sweep-rtx5080-c,etri-ser0002-cgnmsb,1788845497.4007273,"{'cache_n': 0, 'prompt_n': 512, 'prompt_ms': 22.546, 'prompt_per_token_ms': 0.04403515625, 'prompt_per_second': 22709.12800496762, 'predicted_n': 128, 'predicted_ms': 288.589, 'predicted_per_token_ms': 2.2723543307086613, 'predicted_per_second': 440.0722134246281}",ok,limit,128,639,246.9137201551348,True
512,128,False,rate-1.2,1788845498.2478364,8,440.8268106006699,False,1788845497.9596095,0.1690387725830078,True,512,512,598.8408620469272,4.026318986130349,128,True,open-loop,measure,1788845497.6488266,,,rate-1.2-5,etri-ser0002-CGNMSB,False,sweep-rtx5080-c,etri-ser0002-cgnmsb,1788845497.6489956,"{'cache_n': 0, 'prompt_n': 512, 'prompt_ms': 22.839, 'prompt_per_token_ms': 0.044607421875, 'prompt_per_second': 22417.794124085995, 'predicted_n': 128, 'predicted_ms': 288.095, 'predicted_per_token_ms': 2.268464566929134, 'predicted_per_second': 440.8268106006699}",ok,limit,128,639,310.6150550302118,True
512,128,False,rate-1.2,1788845498.55997,8,438.93149558130773,False,1788845498.2701252,0.30303001403808594,True,512,512,662.474162178114,4.026318986130349,128,True,open-loop,measure,1788845497.8971922,,,rate-1.2-6,etri-ser0002-CGNMSB,False,sweep-rtx5080-c,etri-ser0002-cgnmsb,1788845497.8974953,"{'cache_n': 0, 'prompt_n': 512, 'prompt_ms': 22.536, 'prompt_per_token_ms': 0.044015625, 'prompt_per_second': 22719.204827831025, 'predicted_n': 128, 'predicted_ms': 289.339, 'predicted_per_token_ms': 2.278259842519685, 'predicted_per_second': 438.93149558130773}",ok,limit,128,639,372.62964015826583,True
512,128,False,rate-1.2,1788845498.8664653,8,447.31855421007776,False,1788845498.582577,0.1819133758544922,True,512,512,720.7251728978008,4.026318986130349,128,True,open-loop,measure,1788845498.145558,,,rate-1.2-7,etri-ser0002-CGNMSB,False,sweep-rtx5080-c,etri-ser0002-cgnmsb,1788845498.14574,"{'cache_n': 0, 'prompt_n': 512, 'prompt_ms': 22.703, 'prompt_per_token_ms': 0.044341796875, 'prompt_per_second': 22552.085627450117, 'predicted_n': 128, 'predicted_ms': 283.914, 'predicted_per_token_ms': 2.235543307086614, 'predicted_per_second': 447.31855421007776}",ok,limit,128,639,436.83724803850055,True
512,128,False,rate-1.2,1788845499.175685,8,445.44367242002187,False,1788845498.8895261,0.1266002655029297,True,512,512,781.6335849929601,4.026318986130349,128,True,open-loop,measure,1788845498.393924,,,rate-1.2-8,etri-ser0002-CGNMSB,False,sweep-rtx5080-c,etri-ser0002-cgnmsb,1788845498.3940506,"{'cache_n': 0, 'prompt_n': 512, 'prompt_ms': 22.692, 'prompt_per_token_ms': 0.0443203125, 'prompt_per_second': 22563.017803631235, 'predicted_n': 128, 'predicted_ms': 285.109, 'predicted_per_token_ms': 2.2449527559055116, 'predicted_per_second': 445.44367242002187}",ok,limit,128,639,495.47466496005654,True
512,128,False,rate-1.2,1788845499.479476,8,450.93026558727456,False,1788845499.1977818,0.3209114074707031,True,512,512,836.8650109041482,4.026318986130349,128,True,open-loop,measure,1788845498.6422899,,,rate-1.2-9,etri-ser0002-CGNMSB,False,sweep-rtx5080-c,etri-ser0002-cgnmsb,1788845498.6426108,"{'cache_n': 0, 'prompt_n': 512, 'prompt_ms': 22.743, 'prompt_per_token_ms': 0.044419921875, 'prompt_per_second': 22512.421404388166, 'predicted_n': 128, 'predicted_ms': 281.64, 'predicted_per_token_ms': 2.2176377952755906, 'predicted_per_second': 450.93026558727456}",ok,limit,128,639,555.1708349958062,True
512,128,False,rate-1.2,1788845499.7726488,8,470.2205964026273,False,1788845499.5021353,0.11539459228515625,True,512,512,881.8776530679315,4.026318986130349,128,True,open-loop,measure,1788845498.8906555,,,rate-1.2-10,etri-ser0002-CGNMSB,False,sweep-rtx5080-c,etri-ser0002-cgnmsb,1788845498.890771,"{'cache_n': 0, 'prompt_n': 512, 'prompt_ms': 22.592, 'prompt_per_token_ms': 0.044125, 'prompt_per_second': 22662.889518413598, 'predicted_n': 128, 'predicted_ms': 270.086, 'predicted_per_token_ms': 2.126661417322835, 'predicted_per_second': 470.2205964026273}",ok,limit,128,639,611.3644819706678,True
512,128,False,rate-1.2,1788845500.0656,8,469.4679486468603,False,1788845499.7948725,0.21028518676757812,True,512,512,926.3679690193385,4.026318986130349,128,True,open-loop,measure,1788845499.1390214,,,rate-1.2-11,etri-ser0002-CGNMSB,False,sweep-rtx5080-c,etri-ser0002-cgnmsb,1788845499.1392317,"{'cache_n': 0, 'prompt_n': 512, 'prompt_ms': 22.679, 'prompt_per_token_ms': 0.044294921875, 'prompt_per_second': 22575.951320604967, 'predicted_n': 128, 'predicted_ms': 270.519, 'predicted_per_token_ms': 2.1300708661417325, 'predicted_per_second': 469.4679486468603}",ok,limit,128,639,655.6406759191304,True
512,128,False,rate-1.2,1788845500.35914,8,469.4887747821683,False,1788845500.0883472,0.27251243591308594,True,512,512,971.4796498883516,4.026318986130349,128,True,open-loop,measure,1788845499.3873873,,,rate-1.2-12,etri-ser0002-CGNMSB,False,sweep-rtx5080-c,etri-ser0002-cgnmsb,1788845499.3876598,"{'cache_n': 0, 'prompt_n': 512, 'prompt_ms': 22.624, 'prompt_per_token_ms': 0.0441875, 'prompt_per_second': 22630.834512022633, 'predicted_n': 128, 'predicted_ms': 270.507, 'predicted_per_token_ms': 2.129976377952756, 'predicted_per_second': 469.4887747821683}",ok,limit,128,639,700.6870449986309,True
512,128,False,rate-1.2,1788845500.6524584,8,469.41936151574396,False,1788845500.381743,0.19288063049316406,True,512,512,1016.51203003712,4.026318986130349,128,True,open-loop,measure,1788845499.6357532,,,rate-1.2-13,etri-ser0002-CGNMSB,False,sweep-rtx5080-c,etri-ser0002-cgnmsb,1788845499.635946,"{'cache_n': 0, 'prompt_n': 512, 'prompt_ms': 22.402, 'prompt_per_token_ms': 0.04375390625, 'prompt_per_second': 22855.1022230158, 'predicted_n': 128, 'predicted_ms': 270.547, 'predicted_per_token_ms': 2.130291338582677, 'predicted_per_second': 469.41936151574396}",ok,limit,128,639,745.7964711356908,True
512,128,False,rate-1.2,1788845500.9454508,8,470.1057182623116,False,1788845500.6749985,0.26154518127441406,True,512,512,1061.0697539523244,4.026318986130349,128,True,open-loop,measure,1788845499.8841188,,,rate-1.2-14,etri-ser0002-CGNMSB,False,sweep-rtx5080-c,etri-ser0002-cgnmsb,1788845499.8843803,"{'cache_n': 0, 'prompt_n': 512, 'prompt_ms': 22.688, 'prompt_per_token_ms': 0.0443125, 'prompt_per_second': 22566.995768688295, 'predicted_n': 128, 'predicted_ms': 270.152, 'predicted_per_token_ms': 2.1271811023622047, 'predicted_per_second': 470.1057182623116}",ok,limit,128,639,790.617706021294,True
512,128,False,rate-1.2,1788845501.242444,8,462.96802604286285,False,1788845500.9678648,0.11706352233886719,True,512,512,1109.8422340583056,4.026318986130349,128,True,open-loop,measure,1788845500.1324847,,,rate-1.2-15,etri-ser0002-CGNMSB,False,sweep-rtx5080-c,etri-ser0002-cgnmsb,1788845500.1326017,"{'cache_n': 0, 'prompt_n': 512, 'prompt_ms': 22.66, 'prompt_per_token_ms': 0.0442578125, 'prompt_per_second': 22594.88084730803, 'predicted_n': 128, 'predicted_ms': 274.317, 'predicted_per_token_ms': 2.159976377952756, 'predicted_per_second': 462.96802604286285}",ok,limit,128,639,835.2629330474883,True
512,128,False,rate-1.2,1788845501.5365596,8,469.3395616294583,False,1788845501.2652588,0.20432472229003906,True,512,512,1155.5048199370503,4.026318986130349,128,True,open-loop,measure,1788845500.3808506,,,rate-1.2-16,etri-ser0002-CGNMSB,False,sweep-rtx5080-c,etri-ser0002-cgnmsb,1788845500.3810549,"{'cache_n': 0, 'prompt_n': 512, 'prompt_ms': 22.692, 'prompt_per_token_ms': 0.0443203125, 'prompt_per_second': 22563.017803631235, 'predicted_n': 128, 'predicted_ms': 270.593, 'predicted_per_token_ms': 2.1306535433070866, 'predicted_per_second': 469.3395616294583}",ok,limit,128,639,884.2034679837525,True
512,128,False,rate-1.2,1788845501.838974,8,454.03356988363157,False,1788845501.5590239,0.2796649932861328,True,512,512,1209.4781750347465,4.026318986130349,128,True,open-loop,measure,1788845500.6292162,,,rate-1.2-17,etri-ser0002-CGNMSB,False,sweep-rtx5080-c,etri-ser0002-cgnmsb,1788845500.6294959,"{'cache_n': 0, 'prompt_n': 512, 'prompt_ms': 22.857, 'prompt_per_token_ms': 0.044642578125, 'prompt_per_second': 22400.140000875006, 'predicted_n': 128, 'predicted_ms': 279.715, 'predicted_per_token_ms': 2.2024803149606296, 'predicted_per_second': 454.03356988363157}",ok,limit,128,639,929.5289400033653,True
512,128,False,rate-1.2,1788845502.1334794,8,467.3447458674949,False,1788845501.861505,0.2243518829345703,True,512,512,1255.6724918540567,4.026318986130349,128,True,open-loop,measure,1788845500.877582,,,rate-1.2-18,etri-ser0002-CGNMSB,False,sweep-rtx5080-c,etri-ser0002-cgnmsb,1788845500.8778064,"{'cache_n': 0, 'prompt_n': 512, 'prompt_ms': 22.748, 'prompt_per_token_ms': 0.0444296875, 'prompt_per_second': 22507.473184455775, 'predicted_n': 128, 'predicted_ms': 271.748, 'predicted_per_token_ms': 2.139748031496063, 'predicted_per_second': 467.3447458674949}",ok,limit,128,639,983.6983738932759,True
512,128,False,rate-1.2,1788845502.4269586,8,469.5859878499247,False,1788845502.1565263,0.12993812561035156,True,512,512,1300.8804209530354,4.026318986130349,128,True,open-loop,measure,1788845501.125948,,,rate-1.2-19,etri-ser0002-CGNMSB,False,sweep-rtx5080-c,etri-ser0002-cgnmsb,1788845501.126078,"{'cache_n': 0, 'prompt_n': 512, 'prompt_ms': 22.623, 'prompt_per_token_ms': 0.044185546875, 'prompt_per_second': 22631.834858330018, 'predicted_n': 128, 'predicted_ms': 270.451, 'predicted_per_token_ms': 2.1295354330708665, 'predicted_per_second': 469.5859878499247}",ok,limit,128,639,1030.4483440704644,True
512,128,False,rate-1.2,1788845502.7209585,8,467.8784842210745,False,1788845502.449452,0.3914833068847656,True,512,512,1346.251942915842,4.026318986130349,128,True,open-loop,measure,1788845501.3743138,,,rate-1.2-20,etri-ser0002-CGNMSB,False,sweep-rtx5080-c,etri-ser0002-cgnmsb,1788845501.3747053,"{'cache_n': 0, 'prompt_n': 512, 'prompt_ms': 22.512, 'prompt_per_token_ms': 0.04396875, 'prompt_per_second': 22743.425728500355, 'predicted_n': 128, 'predicted_ms': 271.438, 'predicted_per_token_ms': 2.137307086614173, 'predicted_per_second': 467.8784842210745}",ok,limit,128,639,1074.7456399258226,True
512,128,False,rate-1.2,1788845503.0342736,8,437.8283712784589,False,1788845502.7440534,0.2498626708984375,True,512,512,1411.3433549646288,4.026318986130349,128,True,open-loop,measure,1788845501.6226795,,,rate-1.2-21,etri-ser0002-CGNMSB,False,sweep-rtx5080-c,etri-ser0002-cgnmsb,1788845501.6229293,"{'cache_n': 0, 'prompt_n': 512, 'prompt_ms': 22.936, 'prompt_per_token_ms': 0.044796875, 'prompt_per_second': 22322.985699337285, 'predicted_n': 128, 'predicted_ms': 290.068, 'predicted_per_token_ms': 2.284, 'predicted_per_second': 437.8283712784589}",ok,limit,128,639,1121.1231970228255,True
512,128,False,rate-1.2,1788845503.3415606,8,446.7206483429127,False,1788845503.0571058,0.13136863708496094,True,512,512,1470.383482053876,4.026318986130349,128,True,open-loop,measure,1788845501.8710454,,,rate-1.2-22,etri-ser0002-CGNMSB,False,sweep-rtx5080-c,etri-ser0002-cgnmsb,1788845501.8711767,"{'cache_n': 0, 'prompt_n': 512, 'prompt_ms': 22.77, 'prompt_per_token_ms': 0.04447265625, 'prompt_per_second': 22485.726833552922, 'predicted_n': 128, 'predicted_ms': 284.294, 'predicted_per_token_ms': 2.238535433070866, 'predicted_per_second': 446.7206483429127}",ok,limit,128,639,1185.928920051083,True
512,128,False,rate-1.2,1788845503.642474,8,457.6065376480465,False,1788845503.3644426,0.446319580078125,True,512,512,1522.6162138860673,4.026318986130349,128,True,open-loop,measure,1788845502.1194112,,,rate-1.2-23,etri-ser0002-CGNMSB,False,sweep-rtx5080-c,etri-ser0002-cgnmsb,1788845502.1198575,"{'cache_n': 0, 'prompt_n': 512, 'prompt_ms': 22.817, 'prompt_per_token_ms': 0.044564453125, 'prompt_per_second': 22439.409212429327, 'predicted_n': 128, 'predicted_ms': 277.531, 'predicted_per_token_ms': 2.185283464566929, 'predicted_per_second': 457.6065376480465}",ok,limit,128,639,1244.5850148797035,True
512,128,False,rate-1.2,1788845503.9543753,8,439.8298862676105,False,1788845503.665331,0.11467933654785156,True,512,512,1586.483501829207,4.026318986130349,128,True,open-loop,measure,1788845502.367777,,,rate-1.2-24,etri-ser0002-CGNMSB,False,sweep-rtx5080-c,etri-ser0002-cgnmsb,1788845502.3678918,"{'cache_n': 0, 'prompt_n': 512, 'prompt_ms': 22.96, 'prompt_per_token_ms': 0.04484375, 'prompt_per_second': 22299.65156794425, 'predicted_n': 128, 'predicted_ms': 288.748, 'predicted_per_token_ms': 2.2736062992125983, 'predicted_per_second': 439.8298862676105}",ok,limit,128,639,1297.4394399207085,True
512,128,False,rate-1.2,1788845504.266439,8,439.5056772367205,False,1788845503.9769578,0.24199485778808594,True,512,512,1650.0538720283657,4.026318986130349,128,True,open-loop,measure,1788845502.6161427,,,rate-1.2-25,etri-ser0002-CGNMSB,False,sweep-rtx5080-c,etri-ser0002-cgnmsb,1788845502.6163847,"{'cache_n': 0, 'prompt_n': 512, 'prompt_ms': 22.88, 'prompt_per_token_ms': 0.0446875, 'prompt_per_second': 22377.622377622378, 'predicted_n': 128, 'predicted_ms': 288.961, 'predicted_per_token_ms': 2.2752834645669293, 'predicted_per_second': 439.5056772367205}",ok,limit,128,639,1360.5725790839642,True
512,128,False,rate-1.2,1788845504.559873,8,469.3256861578486,False,1788845504.28944,0.24199485778808594,True,512,512,1695.1222959905863,4.026318986130349,128,True,open-loop,measure,1788845502.8645086,,,rate-1.2-26,etri-ser0002-CGNMSB,False,sweep-rtx5080-c,etri-ser0002-cgnmsb,1788845502.8647506,"{'cache_n': 0, 'prompt_n': 512, 'prompt_ms': 22.722, 'prompt_per_token_ms': 0.04437890625, 'prompt_per_second': 22533.227708828446, 'predicted_n': 128, 'predicted_ms': 270.601, 'predicted_per_token_ms': 2.130716535433071, 'predicted_per_second': 469.3256861578486}",ok,limit,128,639,1424.6892759110779,True
512,128,False,rate-1.2,1788845504.865543,8,449.57661918382377,False,1788845504.5830605,0.26345252990722656,True,512,512,1752.4044439196587,4.026318986130349,128,True,open-loop,measure,1788845503.1128745,,,rate-1.2-27,etri-ser0002-CGNMSB,False,sweep-rtx5080-c,etri-ser0002-cgnmsb,1788845503.113138,"{'cache_n': 0, 'prompt_n': 512, 'prompt_ms': 22.845, 'prompt_per_token_ms': 0.044619140625, 'prompt_per_second': 22411.906325235283, 'predicted_n': 128, 'predicted_ms': 282.488, 'predicted_per_token_ms': 2.224314960629921, 'predicted_per_second': 449.57661918382377}",ok,limit,128,639,1469.9219539761543,True
512,128,False,rate-1.2,1788845505.1706836,8,450.1678381664345,False,1788845504.8887143,0.18072128295898438,True,512,512,1809.2621541582048,4.026318986130349,128,True,open-loop,measure,1788845503.3612404,,,rate-1.2-28,etri-ser0002-CGNMSB,False,sweep-rtx5080-c,etri-ser0002-cgnmsb,1788845503.361421,"{'cache_n': 0, 'prompt_n': 512, 'prompt_ms': 22.903, 'prompt_per_token_ms': 0.044732421875, 'prompt_per_second': 22355.149980351922, 'predicted_n': 128, 'predicted_ms': 282.117, 'predicted_per_token_ms': 2.221393700787402, 'predicted_per_second': 450.1678381664345}",ok,limit,128,639,1527.2930720821023,True
512,128,False,rate-1.2,1788845505.4659584,8,466.5738417396224,False,1788845505.19368,0.2906322479248047,True,512,512,1856.0614860616624,4.026318986130349,128,True,open-loop,measure,1788845503.609606,,,rate-1.2-29,etri-ser0002-CGNMSB,False,sweep-rtx5080-c,etri-ser0002-cgnmsb,1788845503.6098967,"{'cache_n': 0, 'prompt_n': 512, 'prompt_ms': 22.742, 'prompt_per_token_ms': 0.04441796875, 'prompt_per_second': 22513.411309471463, 'predicted_n': 128, 'predicted_ms': 272.197, 'predicted_per_token_ms': 2.143283464566929, 'predicted_per_second': 466.5738417396224}",ok,limit,128,639,1583.7832300458103,True
512,128,False,rate-1.2,1788845505.7661734,8,458.336491163489,False,1788845505.4889548,0.2601146697998047,True,512,512,1907.9408629331738,4.026318986130349,128,True,open-loop,measure,1788845503.857972,,,rate-1.2-30,etri-ser0002-CGNMSB,False,sweep-rtx5080-c,etri-ser0002-cgnmsb,1788845503.858232,"{'cache_n': 0, 'prompt_n': 512, 'prompt_ms': 22.8, 'prompt_per_token_ms': 0.04453125, 'prompt_per_second': 22456.14035087719, 'predicted_n': 128, 'predicted_ms': 277.089, 'predicted_per_token_ms': 2.1818031496062993, 'predicted_per_second': 458.336491163489}",ok,limit,128,639,1630.7225660420954,True
512,128,False,rate-1.2,1788845506.0651946,8,459.82671412174915,False,1788845505.7887053,0.32591819763183594,True,512,512,1958.5303298663348,4.026318986130349,128,True,open-loop,measure,1788845504.1063378,,,rate-1.2-31,etri-ser0002-CGNMSB,False,sweep-rtx5080-c,etri-ser0002-cgnmsb,1788845504.1066637,"{'cache_n': 0, 'prompt_n': 512, 'prompt_ms': 22.671, 'prompt_per_token_ms': 0.044279296875, 'prompt_per_second': 22583.91778042433, 'predicted_n': 128, 'predicted_ms': 276.191, 'predicted_per_token_ms': 2.1747322834645666, 'predicted_per_second': 459.82671412174915}",ok,limit,128,639,1682.0413388777524,True
,0,,rate-1.2,1788845506.341751,8,,,,,,512,,,4.026318986130349,,,open-loop,measure,1788845506.34163,,bounded client inflight limit,rate-1.2-40,,,sweep-rtx5080-c,,,,not_sent,,128,,,
512,128,False,rate-1.2,1788845506.3585007,8,469.72319618895443,False,1788845506.0881972,0.23031234741210938,True,512,512,2003.5659039858729,4.026318986130349,128,True,open-loop,measure,1788845504.3547037,,,rate-1.2-32,etri-ser0002-CGNMSB,False,sweep-rtx5080-c,etri-ser0002-cgnmsb,1788845504.354934,"{'cache_n': 0, 'prompt_n': 512, 'prompt_ms': 22.704, 'prompt_per_token_ms': 0.04434375, 'prompt_per_second': 22551.092318534178, 'predicted_n': 128, 'predicted_ms': 270.372, 'predicted_per_token_ms': 2.1289133858267717, 'predicted_per_second': 469.72319618895443}",ok,limit,128,639,1733.262614812702,True
512,128,False,rate-1.2,1788845506.653734,8,466.3408400744676,False,1788845506.3812163,0.1366138458251953,True,512,512,2050.5276969633996,4.026318986130349,128,True,open-loop,measure,1788845504.6030693,,,rate-1.2-33,etri-ser0002-CGNMSB,False,sweep-rtx5080-c,etri-ser0002-cgnmsb,1788845504.603206,"{'cache_n': 0, 'prompt_n': 512, 'prompt_ms': 22.662, 'prompt_per_token_ms': 0.04426171875, 'prompt_per_second': 22592.886770805755, 'predicted_n': 128, 'predicted_ms': 272.333, 'predicted_per_token_ms': 2.1443543307086617, 'predicted_per_second': 466.3408400744676}",ok,limit,128,639,1778.0103150289506,True
512,128,False,rate-1.2,1788845506.9525135,8,460.56210335448776,False,1788845506.6766756,0.2567768096923828,True,512,512,2100.8211909793317,4.026318986130349,128,True,open-loop,measure,1788845504.8514352,,,rate-1.2-34,etri-ser0002-CGNMSB,False,sweep-rtx5080-c,etri-ser0002-cgnmsb,1788845504.851692,"{'cache_n': 0, 'prompt_n': 512, 'prompt_ms': 22.624, 'prompt_per_token_ms': 0.0441875, 'prompt_per_second': 22630.834512022633, 'predicted_n': 128, 'predicted_ms': 275.75, 'predicted_per_token_ms': 2.171259842519685, 'predicted_per_second': 460.56210335448776}",ok,limit,128,639,1824.9835690949112,True
512,128,False,rate-1.2,1788845507.2564473,8,452.5660853389969,False,1788845506.975397,0.37097930908203125,True,512,512,2156.2750418670475,4.026318986130349,128,True,open-loop,measure,1788845505.099801,,,rate-1.2-35,etri-ser0002-CGNMSB,False,sweep-rtx5080-c,etri-ser0002-cgnmsb,1788845505.100172,"{'cache_n': 0, 'prompt_n': 512, 'prompt_ms': 22.832, 'prompt_per_token_ms': 0.04459375, 'prompt_per_second': 22424.66713384723, 'predicted_n': 128, 'predicted_ms': 280.622, 'predicted_per_token_ms': 2.2096220472440944, 'predicted_per_second': 452.5660853389969}",ok,limit,128,639,1875.2249658573419,True
512,128,False,rate-1.2,1788845507.5503654,8,468.6381449309589,False,1788845507.279171,0.1518726348876953,True,512,512,2202.046139165759,4.026318986130349,128,True,open-loop,measure,1788845505.3481667,,,rate-1.2-36,etri-ser0002-CGNMSB,False,sweep-rtx5080-c,etri-ser0002-cgnmsb,1788845505.3483186,"{'cache_n': 0, 'prompt_n': 512, 'prompt_ms': 22.723, 'prompt_per_token_ms': 0.044380859375, 'prompt_per_second': 22532.236060379353, 'predicted_n': 128, 'predicted_ms': 270.998, 'predicted_per_token_ms': 2.1338425196850395, 'predicted_per_second': 468.6381449309589}",ok,limit,128,639,1930.8522660285234,True
512,128,False,rate-1.2,1788845507.8447738,8,469.18004322367324,False,1788845507.5729666,0.2505779266357422,True,512,512,2247.990559088066,4.026318986130349,128,True,open-loop,measure,1788845505.5965326,,,rate-1.2-37,etri-ser0002-CGNMSB,False,sweep-rtx5080-c,etri-ser0002-cgnmsb,1788845505.5967832,"{'cache_n': 0, 'prompt_n': 512, 'prompt_ms': 22.797, 'prompt_per_token_ms': 0.044525390625, 'prompt_per_second': 22459.095495021273, 'predicted_n': 128, 'predicted_ms': 270.685, 'predicted_per_token_ms': 2.1313779527559054, 'predicted_per_second': 469.18004322367324}",ok,limit,128,639,1976.1832191143185,True
512,128,False,rate-1.2,1788845508.1405473,8,463.9540575887541,False,1788845507.8670294,0.1785755157470703,True,512,512,2295.4699608962983,4.026318986130349,128,True,open-loop,measure,1788845505.8448985,,,rate-1.2-38,etri-ser0002-CGNMSB,False,sweep-rtx5080-c,etri-ser0002-cgnmsb,1788845505.845077,"{'cache_n': 0, 'prompt_n': 512, 'prompt_ms': 22.892, 'prompt_per_token_ms': 0.0447109375, 'prompt_per_second': 22365.892014677618, 'predicted_n': 128, 'predicted_ms': 273.734, 'predicted_per_token_ms': 2.1553858267716532, 'predicted_per_second': 463.9540575887541}",ok,limit,128,639,2021.953099872917,True
512,128,False,rate-1.2,1788845508.4336364,8,470.21711442196613,False,1788845508.163452,0.13113021850585938,True,512,512,2340.2404820080847,4.026318986130349,128,True,open-loop,measure,1788845506.0932643,,,rate-1.2-39,etri-ser0002-CGNMSB,False,sweep-rtx5080-c,etri-ser0002-cgnmsb,1788845506.0933955,"{'cache_n': 0, 'prompt_n': 512, 'prompt_ms': 22.648, 'prompt_per_token_ms': 0.044234375, 'prompt_per_second': 22606.852702225362, 'predicted_n': 128, 'predicted_ms': 270.088, 'predicted_per_token_ms': 2.126677165354331, 'predicted_per_second': 470.21711442196613}",ok,limit,128,639,2070.0563360005617,True
